ID,CreditScore,DebtRatio,Assets,Age,NumberOfDependents,NumberOfOpenCreditLinesAndLoans,MonthlyIncome,NumberOfTimesPastDue,EmploymentLength,HomeOwnership,Education,MaritalStatus,YearsAtCurrentAddress,NoPaidPerc
10001,737,0.479046981473649,34979,63,6,12,2904,8,15,Mortgage,High School,Widowed,20,0.15640634
10002,411,0.44293009045749543,56459,28,7,4,17639,11,4,Rent,High School,Widowed,21,0.15996672
10003,732,0.5323139674561232,76570,26,5,8,17730,7,10,Rent,High School,Widowed,10,0.0
10004,710,0.295540978309909,86752,51,8,16,7166,16,18,Mortgage,Masters,Widowed,17,0.1505349
10005,848,0.24837778464197324,102286,29,4,8,4688,16,1,Own,High School,Widowed,26,0.0
10006,828,0.3431732780464748,72326,66,9,7,4809,13,27,Mortgage,High School,Divorced,9,0.16704217
10007,433,0.6888419576261036,117902,43,8,0,17240,15,13,Mortgage,Masters,Divorced,3,0.15873079
10008,624,0.007985355977593311,152049,34,5,7,12710,9,2,Rent,High School,Widowed,14,0.0
10009,685,0.09124618642975457,110153,65,7,7,10950,4,28,Rent,Masters,Divorced,1,0.15073611
10010,502,0.1230414873907888,156750,49,6,5,13097,3,7,Own,High School,Divorced,16,0.16858912
10011,460,0.03035633618657485,60207,41,4,4,10571,6,7,Mortgage,Masters,Widowed,16,0.0
10012,556,0.4605760533573664,25140,55,5,6,13563,18,15,Rent,Masters,Widowed,1,0.16753012
10013,844,0.5121728304538827,87135,87,9,1,9882,3,13,Rent,High School,Widowed,8,0.0
10014,743,0.09832510633334401,173959,49,7,19,8299,7,0,Mortgage,High School,Widowed,24,0.0
10015,342,0.026926079412571524,63666,87,9,9,19378,8,25,Mortgage,High School,Widowed,28,0.1641382
10016,587,0.5051635442564755,34557,67,8,8,13530,0,0,Mortgage,High School,Widowed,18,0.15841617
10017,810,0.35662820701627584,54762,81,8,19,3896,5,1,Rent,Bachelor,Widowed,5,0.16684337
10018,302,0.11422188514802434,168242,38,8,18,9034,9,13,Rent,Masters,Widowed,6,0.0
10019,561,0.6969307757468237,148137,27,8,12,12686,6,9,Rent,Bachelor,Widowed,5,0.16969493
10020,377,0.5278148223627023,166517,28,7,0,7252,10,2,Own,High School,Divorced,1,0.0
10021,726,0.17404627723095456,146746,43,6,15,12079,17,24,Mortgage,PhD,Widowed,14,0.16069987
10022,534,0.03225614792258058,136033,46,9,1,11891,2,18,Mortgage,High School,Divorced,17,0.0
10023,789,0.9413113410991132,25695,31,5,2,12146,1,13,Mortgage,High School,Widowed,11,0.15052204
10024,749,0.11346938572476795,129106,72,9,0,16145,9,7,Rent,Masters,Divorced,2,0.0
10025,513,0.009549705301147848,133533,55,5,8,5636,9,23,Rent,High School,Widowed,17,0.0
10026,500,0.43962569279761166,137810,87,6,4,5257,1,2,Rent,High School,Divorced,7,0.16030647
10027,807,0.3765072678471363,101350,79,3,19,8072,5,1,Mortgage,High School,Widowed,0,0.1545075
10028,321,0.6173467396967849,55566,21,3,1,5321,0,14,Mortgage,Masters,Divorced,14,0.16636494
10029,317,0.11752753340244981,38847,33,8,3,17436,12,12,Rent,High School,Divorced,24,0.1605433
10030,306,0.42776477614600583,149304,30,6,10,14221,7,4,Rent,Masters,Divorced,16,0.0
10031,453,0.31128437344053916,153983,43,4,15,18533,0,14,Rent,High School,Widowed,11,0.15500307
10032,544,0.08813255993968516,123478,22,7,10,18077,13,11,Rent,Masters,Single,25,0.1618892
10033,460,0.15902691680136993,127728,36,9,8,12360,17,4,Own,Bachelor,Widowed,14,0.16898656
10034,685,0.864404421262959,148266,35,6,0,4190,2,21,Rent,Masters,Divorced,7,0.16410574
10035,394,0.7074052959076863,133296,46,8,14,12180,0,8,Mortgage,Masters,Divorced,2,0.16699931
10036,516,0.3143796593710414,51343,43,9,8,6820,3,5,Mortgage,Bachelor,Widowed,19,0.16731185
10037,578,0.06490485126989343,78678,85,7,13,11399,5,3,Rent,Masters,Divorced,9,0.0
10038,536,0.3218254543152953,33674,63,8,11,7175,4,1,Own,Masters,Widowed,1,0.15016669
10039,593,0.37953156891119944,158350,19,8,5,7862,6,13,Mortgage,PhD,Divorced,11,0.16537605
10040,812,0.013568810574753898,63420,65,4,1,6263,5,19,Rent,High School,Widowed,25,0.0
10041,624,0.4358259711032395,151875,25,5,4,14866,3,9,Own,High School,Widowed,5,0.0
10042,809,0.09831038932480052,160057,58,3,10,10877,1,27,Mortgage,High School,Widowed,11,0.0
10043,355,0.06886310630491244,178046,89,6,3,4182,13,1,Mortgage,High School,Widowed,8,0.0
10044,792,0.25203256253216466,44003,70,9,1,14187,0,28,Mortgage,Masters,Widowed,9,0.0
10045,423,0.9096815845602917,78213,35,9,13,13046,8,13,Rent,Masters,Divorced,3,0.16466957
10046,440,0.18040190100279252,65593,66,9,11,2622,10,6,Rent,High School,Widowed,0,0.0
10047,820,0.3787255549115349,48976,30,9,5,3861,1,18,Mortgage,PhD,Widowed,20,0.16752638
10048,630,0.4874379046568359,125483,19,5,4,18729,4,10,Mortgage,High School,Divorced,1,0.1532981
10049,821,0.3932005069594873,103563,77,8,14,11886,9,29,Mortgage,Masters,Widowed,3,0.16665582
10050,822,0.33908487638781193,126478,66,9,10,4138,0,0,Own,High School,Widowed,4,0.0
10051,727,0.06633341680636984,61987,52,2,11,5722,17,28,Mortgage,High School,Widowed,1,0.0
10052,675,0.693203304752534,106962,39,8,3,6011,12,8,Mortgage,High School,Widowed,26,0.0
10053,610,0.01120622299579499,142855,70,4,18,4113,11,13,Own,High School,Widowed,5,0.15450637
10054,436,0.10637464113754824,176577,79,9,0,16222,9,2,Rent,Masters,Married,22,0.15871607
10055,604,0.2493933324196662,130014,20,5,15,16246,6,24,Rent,Masters,Divorced,10,0.0
10056,570,0.02393938527594064,174522,28,2,3,17027,10,12,Rent,PhD,Widowed,18,0.16457865
10057,700,0.44574686357949267,76775,86,9,1,2969,8,2,Mortgage,High School,Widowed,4,0.0
10058,441,0.3099436059789231,105555,67,9,6,14578,16,22,Rent,Masters,Widowed,5,0.16454378
10059,607,0.2027386261894344,117098,89,0,19,5035,5,13,Rent,High School,Widowed,5,0.0
10060,671,0.20265071545377167,65616,54,7,8,9325,19,7,Mortgage,Masters,Widowed,0,0.0
10061,759,0.45279088577010473,189172,58,4,3,6758,0,2,Mortgage,Masters,Divorced,11,0.15876754
10062,653,0.027294626603802108,122999,85,1,7,12591,10,15,Rent,High School,Widowed,10,0.0
10063,369,0.41398527763330195,118703,20,8,8,12814,7,8,Rent,High School,Widowed,13,0.0
10064,624,0.07607503943429283,54556,33,7,12,18301,1,29,Mortgage,Masters,Divorced,14,0.0
10065,327,0.4542572673236871,86584,51,7,17,5062,7,4,Rent,Masters,Divorced,3,0.16513474
10066,809,0.9253452538876101,48463,69,5,10,19041,11,9,Rent,Masters,Widowed,8,0.16664553
10067,681,0.10455292697859608,60918,59,2,12,11469,6,13,Rent,Masters,Widowed,6,0.0
10068,499,0.22627309690234176,56347,25,7,1,19780,0,28,Mortgage,Bachelor,Widowed,21,0.16706279
10069,620,0.41967405021826687,46089,39,3,6,6485,4,1,Own,High School,Widowed,2,0.15175907
10070,579,0.3687452927356688,131497,44,9,7,10685,8,17,Own,High School,Widowed,7,0.0
10071,767,0.9841589570473204,159146,30,9,1,18678,11,17,Mortgage,Masters,Married,14,0.16395622
10072,695,0.3005582194523124,192932,27,5,0,14908,19,24,Mortgage,High School,Widowed,16,0.0
10073,310,0.168542113732019,139368,26,6,19,13622,11,29,Own,Masters,Widowed,10,0.1595319
10074,820,0.14578460071825594,96607,60,1,10,14090,16,11,Rent,Masters,Widowed,12,0.0
10075,764,0.07244494737513274,45557,20,6,5,2640,1,7,Mortgage,Masters,Single,8,0.1554267
10076,560,0.5771126589984643,132405,27,4,2,7430,5,0,Own,High School,Widowed,27,0.16759685
10077,593,0.10681011953884745,164126,88,3,11,7745,0,1,Rent,Masters,Married,3,0.15731004
10078,765,0.6761956901192232,56957,56,7,6,9170,6,17,Rent,High School,Widowed,0,0.0
10079,458,0.5696963244630067,63412,71,5,16,12950,0,0,Rent,Masters,Widowed,9,0.0
10080,753,0.12297423849589673,154919,32,9,7,18971,12,29,Own,Masters,Widowed,22,0.0
10081,342,0.36500526518386167,48964,27,4,17,4511,2,1,Rent,High School,Widowed,19,0.16323735
10082,737,0.07001893054486519,109765,31,6,16,8703,6,14,Own,Bachelor,Widowed,18,0.16990471
10083,409,0.49355391678043337,57667,23,8,5,16876,16,27,Mortgage,High School,Widowed,2,0.15237726
10084,447,0.12879667750747437,142539,66,4,13,14739,6,8,Own,Masters,Widowed,10,0.155282
10085,597,0.20582299603933574,147794,19,4,6,10334,2,4,Mortgage,Masters,Single,10,0.0
10086,644,0.9269345203968203,34579,20,6,7,16639,14,18,Rent,Masters,Widowed,24,0.15484801
10087,751,0.7369897641101478,119716,51,3,7,7189,1,20,Rent,Masters,Widowed,11,0.16138265
10088,790,0.4386684623610668,47672,50,9,1,4756,12,27,Rent,Masters,Widowed,13,0.0
10089,519,0.3656851984435433,90090,37,9,11,8374,9,17,Mortgage,Masters,Divorced,3,0.0
10090,395,0.3057215620803875,36183,30,8,12,10308,1,2,Mortgage,Bachelor,Widowed,11,0.16073622
10091,833,0.3043620804173397,146802,86,6,9,12801,13,4,Own,High School,Widowed,21,0.0
10092,802,0.09136511968624061,178772,31,5,7,9169,5,7,Rent,PhD,Widowed,3,0.0
10093,750,0.9092657413306227,198049,57,9,3,14692,15,11,Mortgage,PhD,Widowed,11,0.15228513
10094,439,0.00013525219134968847,49158,51,0,4,4526,16,0,Own,High School,Widowed,26,0.0
10095,800,0.007737132275673297,181505,29,7,15,19241,2,13,Mortgage,Masters,Divorced,9,0.0
10096,469,0.5449938238426134,46232,30,2,2,4640,4,10,Rent,High School,Widowed,13,0.1623885
10097,682,0.08045760048945172,98299,54,9,19,13207,0,7,Rent,High School,Widowed,16,0.0
10098,596,0.039429344102175246,196221,33,8,13,16521,19,7,Mortgage,Masters,Divorced,6,0.0
10099,649,0.07934099546970241,105013,60,2,12,10028,6,23,Rent,Masters,Widowed,1,0.0
10100,845,0.9119523857707216,53133,25,3,7,1552,12,19,Rent,Masters,Widowed,13,0.16354679
10101,437,0.10168677748299604,99955,20,9,9,3256,9,28,Mortgage,Masters,Widowed,7,0.0
10102,747,0.4807162563304257,181009,43,6,16,4211,2,2,Rent,Bachelor,Widowed,13,0.15532531
10103,555,0.7969321363650979,169419,41,9,15,19626,12,3,Rent,Masters,Widowed,0,0.0
10104,383,0.07154661411297814,199461,31,7,17,14446,0,17,Mortgage,Masters,Single,3,0.0
10105,302,0.1907004823944699,127542,47,9,0,11313,4,10,Rent,Bachelor,Widowed,1,0.0
10106,689,0.09666591453199125,113028,33,9,14,6271,0,1,Rent,High School,Widowed,22,0.0
10107,363,0.005466843612110028,153959,64,7,7,2872,1,2,Rent,Masters,Single,14,0.15573014
10108,587,0.013013503128309067,67350,89,8,0,13245,9,29,Own,High School,Widowed,0,0.0
10109,718,0.22304141533049926,142665,33,9,2,19665,17,2,Mortgage,PhD,Widowed,19,0.0
10110,630,0.033895516510638934,49487,54,3,0,19612,15,29,Rent,Masters,Widowed,7,0.1568022
10111,786,0.23045030870867023,82613,42,3,11,4188,6,15,Mortgage,High School,Widowed,24,0.0
10112,639,0.5928281823912299,87097,54,9,7,18730,6,10,Rent,Bachelor,Widowed,0,0.16640769
10113,370,0.8573280642013115,158236,54,4,9,12911,9,1,Rent,Masters,Widowed,18,0.16382065
10114,553,0.15316955473299732,111310,81,9,7,9176,17,18,Mortgage,High School,Widowed,8,0.0
10115,677,0.11838215310309907,62601,36,6,18,15568,9,24,Own,Masters,Widowed,0,0.15810072
10116,766,0.43390804597401755,193525,61,1,13,14582,3,4,Rent,Bachelor,Widowed,3,0.0
10117,724,0.9615800615908691,195770,29,8,0,11221,12,5,Mortgage,High School,Divorced,3,0.0
10118,805,0.15715866968465397,84928,85,7,18,12724,6,10,Rent,Masters,Divorced,14,0.16945408
10119,675,0.23826774240690762,53358,28,7,16,11718,2,23,Mortgage,High School,Widowed,13,0.0
10120,362,0.07882341910553015,106913,43,6,4,11778,19,24,Mortgage,High School,Divorced,17,0.1623396
10121,468,0.20007099546994145,87080,48,3,8,17949,5,23,Rent,High School,Widowed,4,0.0
10122,640,0.25815983566880174,176939,72,6,7,12423,13,11,Mortgage,Masters,Widowed,12,0.0
10123,586,0.7724810279414502,164692,54,5,0,14579,17,5,Rent,Masters,Widowed,1,0.15590186
10124,644,0.0404348686515833,25711,43,8,13,2390,8,9,Rent,High School,Widowed,4,0.0
10125,505,0.15842259204790932,141871,20,2,4,7491,2,10,Mortgage,Masters,Widowed,1,0.0
10126,525,0.10347460103774886,36813,37,9,6,1791,9,20,Mortgage,Masters,Divorced,18,0.1645255
10127,715,0.044387907592041476,47361,47,0,15,4989,5,6,Rent,High School,Widowed,17,0.0
10128,592,0.02314915476412338,181910,63,5,14,7617,17,4,Rent,PhD,Widowed,22,0.15069883
10129,450,0.296537626719073,182430,50,5,10,16261,15,18,Mortgage,High School,Divorced,0,0.15732707
10130,447,0.2512252359050928,98473,26,3,4,13757,7,4,Own,Masters,Widowed,5,0.0
10131,679,0.051039234414437806,129814,66,3,2,18920,19,12,Mortgage,Masters,Widowed,7,0.16119066
10132,657,0.6724497697981313,193292,48,8,13,12113,9,1,Rent,Masters,Widowed,18,0.0
10133,679,0.07227082279391805,120217,67,2,7,16860,0,4,Own,Masters,Widowed,3,0.0
10134,687,0.3584377784027343,162807,18,5,5,7599,12,18,Rent,High School,Widowed,8,0.0
10135,514,0.40744740128171986,101149,87,2,4,7366,10,0,Rent,Masters,Widowed,18,0.0
10136,395,0.29622486702847284,150464,20,9,14,1502,1,0,Mortgage,Masters,Single,1,0.0
10137,404,0.54658268897434,129814,23,9,7,2756,3,9,Mortgage,Masters,Widowed,6,0.0
10138,512,0.6588003202214213,110866,21,7,4,13093,8,27,Rent,High School,Widowed,6,0.15612072
10139,487,0.022943292179883112,174632,18,3,12,6493,3,17,Mortgage,Masters,Widowed,23,0.0
10140,651,0.0028473380773569312,126191,23,1,9,4929,9,4,Rent,Bachelor,Widowed,17,0.0
10141,810,0.8086970651067672,119374,20,9,2,17712,16,27,Rent,High School,Widowed,23,0.16176754
10142,631,0.4608265633376861,97278,83,7,15,9849,3,3,Mortgage,Masters,Widowed,3,0.0
10143,411,0.1383585991779318,136571,40,8,2,9397,8,16,Mortgage,Masters,Widowed,5,0.0
10144,813,0.7461235327064653,142640,44,8,14,16233,8,2,Rent,Bachelor,Widowed,21,0.16331838
10145,494,0.08445987210957528,146507,40,6,11,18899,3,7,Rent,Masters,Single,29,0.16882055
10146,756,0.11745439035961713,164191,36,1,12,11592,9,20,Mortgage,Masters,Widowed,10,0.0
10147,753,0.16350300620219882,192343,44,0,2,6009,4,19,Own,High School,Widowed,24,0.16529484
10148,715,0.3698050016827771,192138,52,7,4,17162,5,13,Rent,Bachelor,Widowed,21,0.16205038
10149,360,0.5646101440257894,147670,65,3,6,4515,6,0,Rent,High School,Widowed,0,0.0
10150,360,0.8073829690487893,127298,26,6,1,14414,11,7,Rent,Masters,Married,5,0.15850101
10151,831,0.6286036990276237,187831,84,4,11,15097,14,10,Rent,Bachelor,Widowed,12,0.16891043
10152,371,0.023951563852895874,192378,47,7,13,9995,6,24,Rent,Masters,Divorced,3,0.0
10153,607,0.046242661581468725,35180,38,1,13,5987,9,9,Rent,PhD,Widowed,27,0.15982778
10154,709,0.8102256872524756,155533,24,6,13,7982,18,7,Rent,High School,Widowed,9,0.1645287
10155,572,0.2577981836974148,147615,69,3,9,7563,16,0,Mortgage,High School,Widowed,5,0.15318456
10156,688,0.151997321678352,189457,20,1,5,2523,4,6,Rent,Masters,Widowed,15,0.0
10157,748,0.42590725574362875,136424,27,2,18,10196,3,14,Rent,High School,Widowed,7,0.1546729
10158,497,0.15457999951990042,123035,70,6,0,15743,16,0,Own,High School,Widowed,22,0.0
10159,473,0.06182127249085845,121031,86,2,12,3940,8,17,Rent,PhD,Widowed,25,0.1655505
10160,711,0.9900958460068526,90685,41,6,2,16052,10,20,Mortgage,Masters,Widowed,18,0.16199908
10161,814,0.35219647934725795,107569,85,9,12,8123,9,1,Mortgage,PhD,Widowed,1,0.15563354
10162,650,0.5713359223208767,30875,39,6,6,17239,16,11,Rent,Masters,Widowed,28,0.0
10163,716,0.058320872125396384,45827,66,7,5,3063,6,18,Mortgage,Masters,Widowed,9,0.0
10164,528,0.5293203502780279,140418,18,8,2,15170,14,10,Mortgage,Masters,Widowed,7,0.0
10165,823,0.13552841185452547,102880,19,7,1,16293,13,4,Mortgage,Masters,Married,4,0.15818667
10166,721,0.16254308037599186,112352,86,9,13,5172,19,12,Rent,Masters,Widowed,13,0.0
10167,619,0.18425801631625904,160377,46,7,13,5510,14,0,Mortgage,PhD,Widowed,21,0.15660755
10168,772,0.5731746099589573,197815,40,5,17,7415,2,5,Mortgage,Masters,Divorced,2,0.16815364
10169,819,0.4474301088317997,97537,87,6,0,18339,5,5,Rent,PhD,Widowed,2,0.16737641
10170,795,0.12776346550101259,92089,77,5,12,2408,5,2,Mortgage,High School,Widowed,5,0.0
10171,476,0.11757872812260028,48644,85,8,14,6248,18,11,Rent,Masters,Widowed,28,0.1541222
10172,593,0.6870703232691371,131742,50,9,3,13602,5,2,Mortgage,Bachelor,Divorced,3,0.16945608
10173,711,0.6408934514424448,58609,39,9,12,2275,15,0,Mortgage,Masters,Widowed,3,0.15875594
10174,434,0.17597865513463073,44099,29,9,16,4237,11,1,Rent,Masters,Divorced,12,0.16415678
10175,341,0.6217287961680735,71256,20,5,12,13144,8,11,Rent,Masters,Widowed,11,0.15114243
10176,450,0.45557028302044067,151767,51,7,8,17884,0,16,Mortgage,Masters,Widowed,23,0.15336168
10177,661,0.7779421178978929,116010,39,2,10,17074,7,1,Rent,Masters,Widowed,25,0.0
10178,394,0.2831273866778494,70172,23,7,12,17200,3,11,Rent,Masters,Divorced,14,0.0
10179,634,0.20779749989589003,154437,49,7,3,12546,11,1,Mortgage,High School,Widowed,5,0.0
10180,736,0.14396518152286664,131655,51,7,4,14688,18,16,Own,High School,Widowed,18,0.0
10181,693,0.7294703675380584,120163,33,7,18,13456,14,5,Rent,Masters,Widowed,7,0.0
10182,519,0.2089682506967494,147145,70,4,5,10404,6,5,Mortgage,High School,Widowed,28,0.16055685
10183,737,0.2113257559298536,124178,34,7,3,5617,15,3,Own,Masters,Single,4,0.16960604
10184,471,0.29793952341600904,156132,75,7,0,19199,6,7,Rent,Masters,Widowed,9,0.0
10185,760,0.3217756745643169,173914,33,6,1,8116,6,20,Mortgage,High School,Married,3,0.16988927
10186,592,0.5903918051422958,174126,58,5,2,3106,0,5,Rent,High School,Widowed,29,0.16102055
10187,334,0.5785175541366961,90593,33,9,7,19658,11,16,Mortgage,High School,Divorced,1,0.15706573
10188,796,0.6159973541892168,135842,76,8,5,14570,0,0,Rent,Masters,Widowed,2,0.0
10189,786,0.6958342706566649,52964,71,8,0,12191,0,3,Mortgage,Bachelor,Widowed,12,0.15226407
10190,760,0.8649827758893479,119239,57,7,3,1904,15,24,Mortgage,High School,Widowed,14,0.16516611
10191,788,0.7623816209011908,152750,79,3,4,14005,4,22,Rent,High School,Widowed,3,0.16603087
10192,564,0.15325777274242114,168856,63,7,17,14852,0,21,Rent,Bachelor,Widowed,1,0.15375164
10193,622,0.17331973719645188,111795,40,3,13,16768,18,3,Own,High School,Widowed,7,0.15896083
10194,416,0.36059375219024925,123020,35,8,8,1902,16,24,Mortgage,Masters,Divorced,0,0.16101415
10195,508,0.13059103406071293,133855,64,5,6,17133,3,20,Mortgage,High School,Divorced,5,0.0
10196,728,0.5565254453360942,154676,46,5,8,2861,0,5,Rent,Masters,Single,0,0.15663114
10197,746,0.35361875169067936,190659,48,1,4,2587,1,11,Rent,PhD,Widowed,20,0.15356149
10198,649,0.05952463102532912,58445,40,5,4,13099,8,15,Rent,Masters,Widowed,19,0.0
10199,705,0.016897565577631113,102048,23,4,17,5393,4,24,Mortgage,Bachelor,Widowed,2,0.16671205
10200,740,0.04676851768679613,141130,42,6,14,18933,0,5,Mortgage,Masters,Single,22,0.0
10201,752,0.24047911609311023,160053,65,5,18,17595,10,2,Mortgage,High School,Widowed,13,0.0
10202,376,0.14908694208173223,115618,72,9,2,5550,5,8,Rent,Masters,Widowed,9,0.0
10203,843,0.18359055158973459,187047,28,0,5,11746,0,11,Mortgage,High School,Widowed,9,0.0
10204,745,0.04940421415581586,98822,23,1,3,4088,8,0,Mortgage,Masters,Divorced,2,0.16035473
10205,775,0.23834842272223022,190759,79,5,10,13717,15,19,Rent,High School,Widowed,24,0.0
10206,743,0.040181944387686075,58976,75,1,8,9961,18,3,Rent,Masters,Widowed,0,0.0
10207,427,0.7302881052912785,170656,24,8,6,19758,2,0,Mortgage,Masters,Widowed,10,0.0
10208,698,0.871234973791143,145527,39,9,17,7116,9,0,Mortgage,Masters,Widowed,9,0.0
10209,539,0.07483216067315313,198003,52,2,7,16458,7,26,Rent,High School,Widowed,17,0.0
10210,469,0.10136558120200634,146462,24,1,4,10328,8,1,Own,High School,Widowed,8,0.0
10211,644,0.8336198521287846,153423,19,5,5,18795,11,3,Own,Bachelor,Widowed,2,0.16483359
10212,729,0.019729038892099426,190188,20,2,2,8277,4,25,Rent,Bachelor,Widowed,1,0.15497683
10213,304,0.31680166554899736,133478,33,5,0,18932,12,10,Rent,Masters,Widowed,17,0.0
10214,599,0.020096531811761298,103378,56,7,6,16593,2,8,Rent,Masters,Widowed,21,0.0
10215,335,0.32177422753696927,55202,47,7,10,8546,13,1,Own,Masters,Widowed,26,0.15340069
10216,334,0.12405256748307603,74097,30,1,7,3503,13,1,Mortgage,Masters,Widowed,25,0.15561092
10217,436,0.15573905155317513,161835,58,4,5,14847,11,10,Rent,Masters,Widowed,15,0.0
10218,606,0.3401899398898085,52429,18,5,14,7747,5,23,Mortgage,Masters,Widowed,24,0.0
10219,651,0.7589173919333791,174830,34,1,13,7449,16,3,Rent,Masters,Widowed,12,0.16398893
10220,754,0.5791047931272553,49710,30,5,18,11591,4,0,Rent,High School,Widowed,26,0.16653238
10221,790,0.6130854293459328,189700,22,8,0,19802,14,4,Own,High School,Divorced,17,0.16170375
10222,605,0.7679188530318832,83875,30,7,5,19966,9,16,Mortgage,Masters,Divorced,14,0.15846695
10223,602,0.08617693894965606,40201,62,2,4,10461,14,17,Rent,PhD,Widowed,26,0.16952807
10224,688,0.5854493305971693,163194,77,7,13,17797,0,16,Rent,Masters,Divorced,12,0.16462912
10225,464,0.3140672498628394,67121,32,6,2,19996,7,6,Own,High School,Widowed,0,0.0
10226,573,0.052390713467912575,154458,87,7,8,15797,13,19,Rent,High School,Widowed,22,0.0
10227,812,0.13416354287992605,178430,58,1,15,11114,12,1,Rent,Masters,Married,19,0.16718669
10228,450,0.2887101010016728,62751,37,7,16,14499,3,5,Rent,Masters,Divorced,10,0.0
10229,620,0.24327195965082837,93652,41,7,8,16840,8,0,Own,Masters,Widowed,25,0.0
10230,848,0.4981480110910429,79906,49,9,12,11115,0,13,Mortgage,High School,Widowed,19,0.0
10231,389,0.005543055417435161,109989,29,1,7,11823,0,6,Rent,PhD,Widowed,11,0.1524789
10232,687,0.010053781532214812,45731,83,9,8,9980,6,15,Mortgage,High School,Divorced,17,0.16375929
10233,723,0.033865716004318314,135677,26,7,15,17032,5,9,Rent,Masters,Single,5,0.0
10234,549,0.22423725118276794,46160,39,1,7,16155,17,28,Rent,High School,Widowed,0,0.15981571
10235,618,0.3062890566535652,119727,22,7,3,11377,16,1,Own,Masters,Divorced,7,0.15386406
10236,428,0.005732871186513333,36428,26,9,1,18769,6,16,Mortgage,PhD,Widowed,4,0.0
10237,600,0.5470288090504996,137391,30,7,5,15567,3,5,Mortgage,PhD,Widowed,15,0.0
10238,794,0.39633129849532966,54659,63,4,11,4939,15,4,Rent,Masters,Widowed,0,0.0
10239,699,0.029393380258136537,166213,58,4,10,5207,6,27,Mortgage,Masters,Widowed,10,0.16268344
10240,586,0.2852236814345428,124812,20,4,6,6719,5,11,Rent,Masters,Divorced,9,0.15899953
10241,847,0.24229631099800963,180024,62,7,0,18804,18,20,Mortgage,Bachelor,Widowed,12,0.16741794
10242,497,0.2985188036367109,25837,21,3,15,8395,17,2,Own,High School,Widowed,15,0.1569803
10243,621,0.28537336114326384,59583,54,4,13,2431,2,27,Rent,High School,Widowed,27,0.15442951
10244,584,0.5705493818963653,52351,28,8,0,5656,19,4,Rent,Masters,Widowed,17,0.0
10245,663,0.41532765911981206,97153,70,9,5,8073,1,4,Mortgage,High School,Widowed,1,0.0
10246,837,0.477704897053835,173255,32,5,6,12952,12,0,Own,Masters,Single,24,0.16641435
10247,400,0.14483411945040392,183026,22,6,0,3565,0,10,Rent,High School,Single,2,0.16534798
10248,734,0.10901039801993495,133521,39,7,17,11012,9,8,Own,Bachelor,Widowed,12,0.15686396
10249,359,0.18441254867086243,76640,51,7,7,1232,5,10,Rent,Bachelor,Widowed,12,0.16055858
10250,423,0.5212078717097506,125817,43,8,5,1417,3,11,Rent,Masters,Divorced,8,0.0
10251,771,0.2675236157267554,28658,32,6,0,2247,0,4,Mortgage,Bachelor,Widowed,13,0.0
10252,706,0.07829826569922049,176352,37,9,9,7267,6,6,Rent,Masters,Widowed,12,0.0
10253,583,0.0528437273935195,156845,66,8,17,15116,2,23,Mortgage,High School,Divorced,21,0.16906716
10254,485,0.036935577673178344,153860,24,4,4,16247,15,13,Rent,Masters,Single,3,0.1574801
10255,431,0.4193409869019321,194172,19,5,8,14735,12,3,Mortgage,Masters,Single,7,0.0
10256,824,0.18246311710911567,28144,18,6,2,6485,15,14,Mortgage,Masters,Widowed,27,0.0
10257,785,0.07647559259272318,106513,28,8,4,4999,2,10,Rent,High School,Divorced,2,0.1586239
10258,698,0.13999199258441497,79238,56,2,6,9158,8,8,Rent,Masters,Divorced,3,0.16896677
10259,532,0.12107562192652921,157747,60,1,11,9747,16,14,Rent,Masters,Widowed,18,0.16512947
10260,306,0.034708346800464085,23143,35,9,1,17207,9,2,Mortgage,Masters,Single,24,0.16310997
10261,686,0.2899902964134593,48129,33,4,14,14949,10,13,Mortgage,Masters,Widowed,14,0.0
10262,779,0.5002292854773249,162227,54,4,1,2649,3,13,Rent,PhD,Widowed,26,0.16620956
10263,325,0.4629941240225709,88452,35,2,19,10708,9,6,Rent,Masters,Widowed,19,0.15645462
10264,790,0.9509191792383628,111013,36,6,4,19100,1,6,Rent,Masters,Widowed,29,0.15090093
10265,554,0.5223320998743571,62723,26,7,11,19378,15,8,Rent,Masters,Widowed,25,0.0
10266,629,0.18423071876959896,146446,79,3,1,12850,2,3,Rent,Bachelor,Widowed,10,0.0
10267,602,0.036339846955347754,73493,30,9,9,9299,5,26,Mortgage,High School,Divorced,23,0.16481845
10268,668,0.6065325507608454,189931,42,9,12,16179,9,4,Mortgage,Masters,Single,9,0.0
10269,462,0.005216648384464229,105162,49,4,1,8531,17,7,Mortgage,High School,Divorced,12,0.16503157
10270,467,0.24673234464163984,103150,86,2,16,12440,1,17,Rent,High School,Widowed,7,0.15599108
10271,305,0.21558795842414957,195534,41,6,1,17979,9,9,Mortgage,Masters,Single,3,0.16092844
10272,681,0.40682873115867446,192405,66,6,4,16605,18,9,Rent,Masters,Widowed,29,0.0
10273,645,0.17937713677779255,180025,87,3,8,2598,7,0,Rent,High School,Single,2,0.16626495
10274,422,0.16342064079471785,169317,76,3,2,5447,9,6,Rent,High School,Divorced,4,0.16240571
10275,620,0.5660500594918558,156188,30,6,5,19669,13,11,Mortgage,High School,Divorced,12,0.16567275
10276,753,0.0903068722426763,106445,62,8,8,15416,17,14,Rent,High School,Widowed,29,0.0
10277,592,0.27902276963899564,110757,63,4,5,16964,9,3,Own,High School,Widowed,12,0.15555489
10278,567,0.25592464045436625,85410,50,9,8,4428,1,3,Mortgage,Masters,Widowed,19,0.0
10279,798,0.40103973828441375,145994,79,5,13,4744,14,16,Rent,Masters,Widowed,24,0.15903209
10280,538,0.3351492976920408,185890,33,3,14,11931,5,20,Rent,Masters,Divorced,19,0.16281363
10281,456,0.6654825385766813,24035,62,8,12,13943,12,2,Mortgage,Masters,Widowed,17,0.1628298
10282,832,0.1479096541977698,75171,48,1,4,17878,3,9,Mortgage,Masters,Widowed,2,0.0
10283,744,0.054451361336857684,105274,48,8,19,11913,14,0,Mortgage,Bachelor,Widowed,10,0.15305755
10284,701,0.4191700712727865,154105,58,1,11,9667,18,20,Rent,High School,Widowed,12,0.16571519
10285,764,0.07824035392683848,55324,47,2,1,5587,0,13,Rent,Masters,Widowed,9,0.0
10286,653,0.2319556739092905,94842,19,8,7,6384,0,9,Own,High School,Widowed,18,0.0
10287,636,0.8734768729600114,170582,25,9,4,10600,7,14,Own,Masters,Widowed,29,0.16710106
10288,433,0.16880870511999357,82115,41,1,2,4215,0,2,Rent,High School,Widowed,9,0.0
10289,672,0.4376393147037211,107626,73,7,11,2338,7,29,Rent,High School,Widowed,16,0.16256814
10290,628,0.5035325362823829,146487,44,6,8,15976,8,3,Mortgage,High School,Widowed,24,0.15060104
10291,639,0.2644662232566083,189286,83,6,9,13930,10,18,Rent,PhD,Widowed,18,0.1544746
10292,809,0.13385887187148549,91998,71,9,13,2522,19,8,Mortgage,Masters,Widowed,24,0.0
10293,844,0.3598776358162916,90596,30,3,1,9498,6,3,Mortgage,PhD,Widowed,18,0.0
10294,444,0.17550003158258964,119635,31,8,18,9316,15,9,Rent,Masters,Single,6,0.16443725
10295,738,0.080570550663289,182961,67,3,19,9519,0,15,Own,High School,Widowed,25,0.15409605
10296,840,0.5544802484403546,127341,54,6,14,1956,17,9,Rent,Masters,Widowed,7,0.0
10297,634,0.05054558284337818,121007,39,1,18,8216,8,9,Rent,Masters,Married,22,0.16256112
10298,687,0.700546388159266,163393,47,3,14,17745,0,19,Rent,Masters,Widowed,2,0.1513162
10299,634,0.2090041349227677,51862,81,3,9,19764,4,12,Rent,High School,Widowed,11,0.1554291
10300,637,0.2429698898006356,77744,40,0,16,12342,14,26,Rent,High School,Widowed,12,0.0
10301,642,0.2354277362720596,194192,30,8,1,19938,4,14,Own,High School,Widowed,3,0.0
10302,840,0.5949714265260786,107324,54,9,0,6005,9,19,Rent,High School,Widowed,18,0.0
10303,416,0.2425829784295629,195093,37,9,15,14806,4,9,Rent,Masters,Married,7,0.0
10304,635,0.08565926086863751,167079,30,6,3,17219,2,27,Own,Masters,Single,18,0.1681918
10305,555,0.16912141888305443,62014,60,8,9,10136,6,19,Rent,Bachelor,Widowed,1,0.0
10306,732,0.5293984852353579,48768,70,8,0,7419,1,6,Own,High School,Divorced,2,0.16251208
10307,337,0.13140028072582322,57425,31,3,1,9737,2,0,Own,Masters,Widowed,22,0.0
10308,843,0.4452381349989597,140410,22,2,13,4778,15,6,Mortgage,High School,Widowed,18,0.151573
10309,550,0.5062362143036565,34724,19,2,2,5521,18,16,Own,High School,Widowed,29,0.16801071
10310,305,0.12824723685884187,27893,58,5,13,18253,13,11,Rent,Masters,Widowed,0,0.0
10311,467,0.3633949091779618,110470,63,8,13,8012,14,11,Mortgage,High School,Widowed,16,0.16661987
10312,711,0.6854185459638037,118712,37,5,8,9834,2,23,Mortgage,High School,Widowed,12,0.16020335
10313,819,0.5280978502324892,111045,60,1,7,8794,1,9,Mortgage,Masters,Widowed,29,0.16643593
10314,805,0.8401936117582732,160635,53,8,2,3170,5,7,Rent,Masters,Divorced,5,0.15327796
10315,633,0.3282635270661861,70124,28,5,10,10999,16,25,Rent,Masters,Widowed,14,0.0
10316,839,0.13125557439627578,187702,26,5,0,7869,8,9,Rent,High School,Widowed,5,0.0
10317,784,0.3340513857630176,115060,51,7,4,14791,8,5,Rent,Masters,Widowed,2,0.0
10318,575,0.1360806978430077,41682,57,9,8,7314,5,19,Rent,Masters,Widowed,26,0.0
10319,699,0.3393965830051342,67016,60,0,16,19876,17,5,Rent,Masters,Widowed,8,0.0
10320,622,0.4356757301904979,37232,36,7,8,11705,15,26,Rent,High School,Widowed,22,0.15047961
10321,327,0.0554513622156525,70925,34,9,12,12727,8,21,Rent,Masters,Divorced,20,0.0
10322,824,0.22499433397728197,170436,75,6,8,14624,0,22,Mortgage,PhD,Widowed,7,0.0
10323,489,0.3531166693764014,158443,22,3,1,2325,2,24,Rent,Masters,Widowed,6,0.15013239
10324,818,0.19940957496978373,140448,44,5,7,8848,0,20,Rent,Bachelor,Widowed,10,0.0
10325,589,0.32436498833509697,55491,63,9,2,18281,3,12,Mortgage,Masters,Divorced,11,0.0
10326,595,0.3843940142978892,159570,86,9,13,2176,9,11,Own,High School,Widowed,1,0.0
10327,320,0.06351541224761215,25075,38,5,7,1196,6,19,Mortgage,High School,Divorced,18,0.16499925
10328,776,0.4205209466448786,187973,30,7,4,5794,12,2,Own,High School,Single,8,0.16757834
10329,693,0.028939715238427977,73684,59,4,0,12216,2,20,Mortgage,Bachelor,Widowed,9,0.16660635
10330,673,0.11561967696672659,103261,60,6,14,15450,12,23,Mortgage,PhD,Widowed,23,0.15485457
10331,752,0.9107685013972163,161136,83,6,9,2093,0,8,Rent,High School,Widowed,14,0.15972875
10332,812,0.1439456911962903,179676,22,6,9,4680,16,3,Own,High School,Widowed,21,0.0
10333,717,0.21335179512757851,168375,26,7,10,12300,3,12,Mortgage,Masters,Divorced,1,0.0
10334,757,0.29500096141857324,64446,41,6,17,17197,0,25,Rent,Masters,Divorced,6,0.16236475
10335,689,0.13107571715777322,189065,46,6,5,16745,2,2,Own,High School,Widowed,17,0.0
10336,361,0.45801320067099693,73719,34,9,8,12459,14,8,Mortgage,Masters,Single,13,0.15716109
10337,689,0.7491085505222805,91763,41,0,14,18966,2,13,Rent,Masters,Widowed,26,0.16694435
10338,339,0.31319869258776456,49391,31,2,6,12798,16,2,Rent,Masters,Widowed,23,0.0
10339,594,0.20315092061102813,186173,71,4,12,2905,10,22,Rent,High School,Widowed,15,0.15304464
10340,665,0.30914676891188986,67639,48,8,0,17608,11,3,Rent,High School,Widowed,27,0.0
10341,358,0.11938967873535022,20082,27,9,11,9768,8,3,Mortgage,Masters,Single,28,0.15005897
10342,746,0.624298725215921,131712,26,7,4,13761,12,22,Mortgage,High School,Widowed,15,0.0
10343,360,0.3694259521617492,26986,35,1,16,15809,15,6,Own,Masters,Widowed,20,0.16876249
10344,662,0.9697327565869647,82873,60,5,12,16372,3,0,Rent,Masters,Widowed,29,0.1551217
10345,788,0.132086510010329,164509,48,9,3,18185,3,27,Own,High School,Divorced,10,0.16131839
10346,733,0.6008485431731359,47358,82,3,4,7755,18,0,Rent,Masters,Widowed,0,0.15607922
10347,754,0.06302931688776447,93965,60,5,10,6016,14,6,Mortgage,High School,Widowed,25,0.0
10348,752,0.3465111336855802,167417,29,7,14,14672,7,16,Rent,Masters,Widowed,12,0.0
10349,357,0.3157768738939535,42046,72,7,2,17632,1,4,Rent,Masters,Married,19,0.16641147
10350,793,0.009782051134512915,114747,22,8,14,9010,14,8,Mortgage,Masters,Widowed,7,0.0
10351,592,0.3133704168418351,134371,87,3,3,4965,10,3,Rent,High School,Widowed,24,0.0
10352,489,0.7347852103535717,166106,29,5,1,12358,1,5,Own,High School,Widowed,13,0.16552661
10353,610,0.15584796242083054,198521,58,8,2,6973,10,27,Own,High School,Widowed,14,0.16257945
10354,705,0.9545009762329433,140452,25,8,6,1230,13,3,Mortgage,Masters,Widowed,3,0.0
10355,403,0.27241083265621757,55397,83,9,5,17172,13,12,Rent,Masters,Widowed,24,0.0
10356,819,0.08868054575177065,42238,22,7,16,7821,8,9,Mortgage,Masters,Widowed,25,0.0
10357,706,0.13563723321194,85407,42,3,18,6991,6,13,Rent,Masters,Divorced,25,0.1653138
10358,837,0.07336325185992332,126944,81,0,8,9522,12,24,Mortgage,High School,Widowed,12,0.16443698
10359,677,0.05506061141896812,153520,62,2,0,4286,10,7,Own,High School,Widowed,26,0.0
10360,461,0.146540418776271,146019,80,7,10,12011,16,10,Rent,Masters,Widowed,2,0.15680583
10361,537,0.9423241086041325,153501,31,4,9,6195,0,6,Rent,Masters,Widowed,12,0.0
10362,846,0.3581438023186625,119864,83,2,15,10921,3,8,Mortgage,High School,Widowed,19,0.15120988
10363,359,0.33985282980183895,38414,64,1,3,12573,4,1,Own,High School,Widowed,18,0.16729848
10364,788,0.2717280667206765,69272,49,0,13,10955,19,2,Rent,Bachelor,Widowed,15,0.16554284
10365,775,0.0690079143887099,105451,80,5,18,7393,8,8,Rent,Bachelor,Widowed,23,0.0
10366,602,0.04709833461910573,169607,20,7,3,18166,8,22,Rent,High School,Divorced,2,0.15028252
10367,368,0.18976814621076443,33679,68,8,12,4442,7,14,Own,High School,Widowed,25,0.1650001
10368,566,0.670790723449354,60159,79,8,0,4333,11,9,Own,High School,Widowed,3,0.15286005
10369,388,0.695752755764874,38135,24,9,5,16190,12,0,Mortgage,Masters,Widowed,11,0.0
10370,823,0.6795955089566378,88531,43,0,6,6930,8,1,Rent,High School,Widowed,2,0.0
10371,325,0.02309708292144852,159616,35,0,8,10418,5,2,Rent,High School,Married,1,0.16097826
10372,544,0.4923780594332299,167232,47,8,5,1498,9,5,Mortgage,High School,Widowed,11,0.0
10373,676,0.7687461088914361,143470,88,6,14,6802,1,4,Rent,Masters,Widowed,29,0.15192373
10374,302,0.04370449080733185,139650,37,3,4,3110,11,1,Mortgage,High School,Widowed,2,0.0
10375,592,0.34738937479231935,133062,76,9,6,3508,2,12,Own,High School,Widowed,23,0.0
10376,714,0.05062449829481497,173873,66,8,19,15427,3,10,Rent,Masters,Single,6,0.0
10377,723,0.170662140322539,198131,80,9,7,6491,2,7,Own,Masters,Widowed,16,0.0
10378,673,0.669828871557815,199240,38,6,17,8518,18,9,Rent,Masters,Widowed,16,0.16157502
10379,619,0.5487292934479051,166663,56,1,18,13956,12,8,Rent,Masters,Widowed,20,0.1577942
10380,521,0.3676882929948928,35688,49,9,18,11774,2,16,Rent,Bachelor,Widowed,13,0.16951273
10381,618,0.07885357916547375,154275,23,7,3,15374,12,13,Own,High School,Single,11,0.16852267
10382,457,0.715356507712254,186305,35,8,3,5345,11,11,Own,Masters,Divorced,3,0.16269264
10383,742,0.053533964736140804,172205,50,5,1,9460,4,14,Own,High School,Single,3,0.0
10384,620,0.5448342068157916,137859,73,8,19,19687,2,5,Rent,Bachelor,Widowed,2,0.16560812
10385,625,0.14219358344752353,143404,32,1,19,19648,18,29,Rent,High School,Divorced,9,0.16987857
10386,404,0.10441732059432274,103177,59,5,0,11712,2,21,Mortgage,Masters,Divorced,12,0.1687571
10387,801,0.01393183748228255,30096,45,8,5,5659,1,5,Own,Bachelor,Widowed,14,0.15244031
10388,542,0.37668500378392156,126570,53,9,8,5770,3,3,Mortgage,Bachelor,Widowed,17,0.16061732
10389,701,0.7228064957684504,33199,41,4,0,18482,14,15,Rent,Masters,Widowed,5,0.1553816
10390,321,0.5652362855875587,175328,69,8,5,2710,2,3,Rent,High School,Widowed,3,0.0
10391,685,0.08245503731790138,144717,74,2,10,3639,2,6,Rent,Masters,Widowed,12,0.0
10392,613,0.6877086463600056,179610,45,6,3,18121,12,0,Own,Bachelor,Widowed,2,0.16611373
10393,801,0.44739055162191665,148478,56,6,1,8689,13,19,Mortgage,Masters,Widowed,12,0.0
10394,637,0.22874385310319933,45814,18,9,7,13199,13,20,Rent,Masters,Divorced,19,0.1644101
10395,520,0.20868086253975626,153385,37,2,17,10059,4,2,Rent,Bachelor,Widowed,8,0.15971518
10396,612,0.4530717550378198,198549,27,5,6,18512,4,7,Rent,Bachelor,Widowed,23,0.16031317
10397,801,0.43759655483027005,183990,78,2,3,2294,0,9,Mortgage,Masters,Widowed,10,0.0
10398,767,0.10170081450386892,116797,28,1,19,1820,14,13,Own,High School,Widowed,9,0.15859428
10399,492,0.004915084535843772,176047,88,7,17,15948,17,25,Rent,High School,Widowed,6,0.0
10400,649,0.987810565520883,197456,26,3,14,17798,8,0,Rent,Masters,Married,3,0.0
10401,520,0.18880882769740215,135647,66,9,1,1201,7,22,Mortgage,Masters,Widowed,0,0.0
10402,651,0.32008794870250956,188602,21,0,5,9327,10,1,Own,High School,Widowed,16,0.16958398
10403,561,0.09966139480761549,110920,47,7,12,6027,7,14,Rent,Bachelor,Widowed,15,0.15006122
10404,727,0.7326348885542041,134553,36,8,5,18761,1,4,Rent,High School,Widowed,17,0.0
10405,469,0.3803302849548945,199439,76,0,15,12949,11,0,Rent,High School,Widowed,22,0.16787203
10406,321,0.06936880770610276,149819,59,3,2,15276,2,22,Rent,High School,Widowed,14,0.0
10407,801,0.47662996405926206,52494,54,8,16,4276,10,6,Rent,Masters,Widowed,13,0.0
10408,555,0.30817515688447616,190839,35,0,0,18841,3,2,Rent,Bachelor,Widowed,16,0.0
10409,608,0.325260265579451,158235,39,6,17,12932,7,12,Mortgage,High School,Widowed,26,0.1614075
10410,794,0.09972939833466776,173812,48,1,14,10940,12,18,Rent,Masters,Divorced,4,0.16430612
10411,584,0.5880569977396541,192285,83,0,18,10251,11,1,Rent,Masters,Widowed,5,0.1554148
10412,640,0.40867271422359375,131423,58,7,10,9085,5,8,Mortgage,Masters,Widowed,5,0.0
10413,303,0.8613875998646343,174493,47,6,10,16462,9,3,Rent,Masters,Widowed,8,0.15478079
10414,530,0.42053414158368774,91911,58,8,3,9600,17,23,Rent,Masters,Widowed,2,0.16214627
10415,638,0.06418977470890697,167499,36,4,19,15591,10,6,Rent,Masters,Single,28,0.0
10416,414,0.6239517645685398,133942,19,6,6,9588,0,21,Rent,Masters,Widowed,3,0.0
10417,696,0.1962340264032305,175484,24,9,10,11725,18,23,Mortgage,Masters,Widowed,4,0.0
10418,847,0.19221986762148524,93323,48,9,19,19948,13,24,Own,High School,Widowed,7,0.15360717
10419,808,0.7157447907213077,118001,41,8,16,15502,1,24,Rent,High School,Widowed,15,0.16266856
10420,511,0.05891207931539266,185898,25,4,7,14730,5,27,Own,High School,Widowed,13,0.15960498
10421,472,0.1823467604393172,60911,75,7,4,8148,19,5,Rent,High School,Divorced,1,0.16939229
10422,765,0.7332235699058937,120949,32,0,16,6412,1,5,Rent,Masters,Widowed,8,0.0
10423,835,0.2271956347642936,35396,26,0,2,3164,18,5,Own,High School,Widowed,22,0.15158658
10424,760,0.26655072923355594,163940,67,9,16,5232,3,7,Rent,Masters,Single,9,0.0
10425,731,0.535352560899012,194077,25,8,10,12225,5,17,Rent,Bachelor,Widowed,2,0.0
10426,429,0.042304759049211826,99273,70,2,12,4142,14,2,Rent,Bachelor,Widowed,18,0.16789702
10427,467,0.31279470046957036,36962,19,7,6,18994,2,13,Rent,Bachelor,Widowed,23,0.16627288
10428,584,0.33911642992059454,62435,50,4,17,12443,7,29,Rent,High School,Widowed,1,0.0
10429,838,0.2578750846458929,167276,55,3,14,13566,3,1,Own,PhD,Widowed,19,0.0
10430,370,0.5285050241495974,158018,47,7,0,5802,2,25,Rent,Masters,Widowed,4,0.15827112
10431,719,0.3442098467842418,65924,34,0,18,7295,10,6,Mortgage,High School,Widowed,17,0.16475742
10432,612,0.055606543393565855,178092,73,7,17,11066,19,28,Mortgage,High School,Divorced,5,0.15514602
10433,574,0.8946983304030193,181876,37,8,8,19442,10,15,Mortgage,Masters,Widowed,3,0.0
10434,821,0.5152789463596866,184948,84,4,16,13499,8,11,Rent,Masters,Widowed,4,0.0
10435,510,0.202391557288087,61438,46,8,2,10363,3,6,Rent,High School,Widowed,0,0.0
10436,680,0.14867370199593655,142506,53,2,14,14411,11,14,Mortgage,Masters,Widowed,2,0.15058923
10437,720,0.1760636648553372,22627,88,9,3,19383,7,19,Rent,High School,Widowed,18,0.0
10438,669,0.39562420473556736,114668,20,3,0,17861,17,26,Rent,Masters,Widowed,9,0.16146512
10439,442,0.08750828079257933,134982,72,9,4,12696,2,24,Mortgage,High School,Widowed,2,0.0
10440,511,0.4080208932562498,52939,55,1,13,16954,8,10,Rent,High School,Widowed,8,0.16769192
10441,428,0.07578366090809796,58773,40,7,16,9367,17,13,Rent,High School,Widowed,25,0.0
10442,817,0.2555713286728738,90656,37,7,8,2929,6,5,Own,High School,Widowed,16,0.0
10443,622,0.8214571809649666,183137,79,9,0,16624,6,16,Rent,PhD,Widowed,9,0.16121866
10444,849,0.5704998247776613,83898,61,9,0,4220,6,20,Mortgage,High School,Widowed,11,0.0
10445,635,0.16199794126981149,26160,67,2,19,18756,7,1,Mortgage,High School,Widowed,13,0.1652824
10446,428,0.1860139320045956,28742,81,1,9,3099,6,14,Rent,Bachelor,Widowed,12,0.16654518
10447,640,0.39572495147680053,188916,32,8,8,18580,16,24,Mortgage,High School,Divorced,0,0.0
10448,786,0.9708317078714482,152925,30,7,11,15435,8,11,Own,High School,Widowed,5,0.1672593
10449,533,0.4467076006471048,183013,46,4,7,8546,0,7,Own,Masters,Widowed,22,0.0
10450,513,0.3392267913471234,143070,36,8,14,12355,2,29,Mortgage,Masters,Widowed,2,0.0
10451,752,0.3706306140108935,173141,58,1,17,4485,4,3,Own,High School,Widowed,10,0.1653664
10452,613,0.0748846351459066,38485,65,8,4,14241,10,26,Mortgage,High School,Divorced,8,0.0
10453,762,0.2729592222611551,153774,51,7,13,19480,19,2,Rent,Bachelor,Widowed,2,0.0
10454,312,0.045966420233030325,172088,36,5,7,15298,8,25,Own,High School,Widowed,7,0.16347416
10455,330,0.14519337086833162,75579,47,9,7,10278,15,0,Rent,Bachelor,Widowed,19,0.15663242
10456,829,0.9076652635821691,106044,39,2,0,10788,1,5,Mortgage,Bachelor,Widowed,3,0.16164199
10457,789,0.3182993533668209,183353,65,8,15,14905,12,21,Rent,Masters,Widowed,18,0.0
10458,692,0.3258314670592346,147584,59,5,3,4945,7,13,Rent,Bachelor,Widowed,9,0.15478125
10459,623,0.15995916659058584,182712,88,3,3,14016,3,13,Rent,High School,Widowed,8,0.0
10460,462,0.1042593793269222,79930,61,9,7,11404,1,16,Mortgage,High School,Divorced,10,0.0
10461,501,0.5017199407682497,160401,23,7,4,7646,0,2,Rent,Masters,Widowed,0,0.0
10462,517,0.376120864029865,140610,66,8,8,1824,3,11,Rent,Masters,Widowed,17,0.0
10463,430,0.03663049224499004,81557,33,6,10,17974,19,20,Rent,PhD,Widowed,28,0.16419768
10464,314,0.12565632768956259,187985,72,8,7,8357,19,0,Rent,Masters,Widowed,14,0.1529634
10465,814,0.391696261467287,24142,79,9,18,12964,12,3,Mortgage,PhD,Widowed,28,0.16991334
10466,775,0.1682651069617942,165508,55,2,16,5515,13,6,Rent,High School,Widowed,16,0.0
10467,544,0.30756760409015615,90183,21,5,0,6655,5,0,Rent,Bachelor,Widowed,19,0.0
10468,645,0.07836558808544014,165933,31,0,2,12246,3,29,Rent,Masters,Widowed,28,0.1612873
10469,696,0.9580919372268837,184263,40,6,7,16973,6,0,Mortgage,Masters,Widowed,2,0.0
10470,414,0.6054892077909041,78667,19,7,6,14933,7,26,Rent,Masters,Divorced,12,0.16522445
10471,486,0.42357942711466723,147431,41,5,0,19849,0,3,Rent,Masters,Widowed,15,0.0
10472,847,0.419592782867402,116297,39,2,10,9046,18,2,Rent,High School,Widowed,13,0.0
10473,474,0.5504136143312379,41810,83,9,5,3696,3,12,Mortgage,Masters,Divorced,2,0.16936669
10474,625,0.043511517798364374,199961,37,6,16,11121,3,20,Rent,High School,Widowed,26,0.0
10475,745,0.3645371073133077,171966,30,7,7,1119,7,15,Rent,PhD,Widowed,16,0.16074133
10476,387,0.3435455705716628,41722,65,7,2,13363,12,13,Own,High School,Widowed,15,0.16705738
10477,630,0.37614924826723695,179064,68,4,7,16972,15,7,Rent,PhD,Widowed,13,0.15804487
10478,340,0.12145934282313597,60358,20,8,7,14226,3,23,Mortgage,PhD,Widowed,5,0.0
10479,822,0.2232215364283806,27231,18,5,16,1580,19,7,Mortgage,Masters,Widowed,27,0.15363763
10480,592,0.02901483402074323,153738,27,8,19,17464,1,12,Mortgage,Masters,Divorced,16,0.0
10481,670,0.052263349407848825,195919,23,1,1,4717,14,11,Rent,Masters,Widowed,12,0.0
10482,456,0.44771198897985554,142230,57,6,11,5093,13,0,Rent,PhD,Widowed,9,0.16727889
10483,755,0.35422758439962443,91415,35,8,11,1028,7,7,Mortgage,High School,Widowed,2,0.0
10484,608,0.30760533701916326,187117,75,4,5,5751,0,22,Rent,PhD,Widowed,15,0.15924977
10485,799,0.32996282569660385,133611,39,4,0,17374,18,0,Mortgage,PhD,Widowed,18,0.0
10486,763,0.8567479263761084,73811,35,5,8,2519,6,3,Mortgage,High School,Widowed,6,0.0
10487,575,0.452241748992396,192713,69,9,2,2165,9,14,Rent,PhD,Widowed,1,0.0
10488,615,0.2644375407043089,98089,43,8,18,16781,9,20,Rent,High School,Widowed,17,0.0
10489,810,0.28227305884022114,183055,39,6,1,13323,9,26,Rent,Bachelor,Widowed,9,0.1598502
10490,709,0.4031293630201568,53502,19,6,1,3981,10,6,Rent,Masters,Widowed,13,0.0
10491,649,0.6610336724687379,25165,48,1,0,19885,2,7,Rent,Masters,Widowed,26,0.15014943
10492,780,0.807178881407125,129076,54,3,0,8165,6,13,Mortgage,PhD,Widowed,3,0.15014833
10493,347,0.5801545784362885,98123,46,0,2,14597,4,9,Own,Masters,Widowed,1,0.16756846
10494,607,0.45301776765862145,92500,25,1,12,3858,2,8,Mortgage,Masters,Widowed,27,0.1564015
10495,768,0.3809735185352767,49098,62,9,2,18593,17,9,Mortgage,Masters,Widowed,1,0.0
10496,843,0.799434513340952,73289,27,2,3,7782,6,24,Mortgage,High School,Widowed,14,0.1680714
10497,601,0.05238736333254912,145658,20,2,11,15440,16,0,Own,PhD,Widowed,25,0.16373345
10498,823,0.9427052632296807,189487,78,5,0,10108,7,4,Own,High School,Widowed,19,0.16339684
10499,523,0.6441241182917177,36313,88,5,5,11522,6,3,Rent,Masters,Widowed,0,0.0
10500,344,0.04583315741760441,141480,54,1,13,17097,5,6,Rent,PhD,Widowed,2,0.15857515
10501,805,0.30880850063080023,102312,52,8,2,19183,6,19,Rent,Masters,Widowed,8,0.0
10502,378,0.09496333287900516,46164,44,8,2,15078,9,10,Mortgage,High School,Widowed,23,0.0
10503,613,0.17046449392800478,109993,56,8,7,15674,14,26,Mortgage,PhD,Widowed,8,0.16603075
10504,328,0.018439206511718154,57687,18,5,12,15821,1,7,Rent,Masters,Married,1,0.0
10505,483,0.367783522662556,105987,54,7,5,9723,2,8,Mortgage,Bachelor,Widowed,0,0.16080914
10506,738,0.9423344712801478,171796,20,4,4,16230,7,15,Mortgage,Masters,Divorced,6,0.15914705
10507,395,0.08464032368794083,186695,28,8,10,13528,9,2,Mortgage,High School,Widowed,23,0.0
10508,628,0.42669610775538425,51882,60,5,11,13701,18,8,Rent,High School,Widowed,18,0.0
10509,848,0.080624164261346,43360,51,1,4,11753,9,7,Mortgage,Masters,Widowed,7,0.0
10510,785,0.7145127606062892,36844,35,6,1,12047,2,5,Mortgage,Masters,Married,1,0.1653945
10511,452,0.16088318445383354,196720,53,1,11,5424,6,6,Rent,Masters,Single,1,0.16490225
10512,701,0.24129795345214433,165954,34,7,10,9220,4,11,Rent,Masters,Single,16,0.0
10513,633,0.08602867657820312,163403,50,5,7,12492,12,10,Own,High School,Widowed,14,0.0
10514,643,0.063198229218418,189524,52,4,4,19212,8,12,Rent,High School,Widowed,16,0.0
10515,642,0.04093560044504074,138830,89,3,2,10149,7,3,Rent,High School,Single,7,0.16812123
10516,666,0.7424561960169651,100445,43,2,0,7156,7,15,Rent,Masters,Widowed,11,0.1585612
10517,476,0.33949124495454586,163232,56,8,4,14849,2,1,Own,Masters,Married,10,0.1655808
10518,508,0.07492172342740333,77249,43,6,8,12700,5,24,Rent,High School,Widowed,26,0.0
10519,400,0.7341341798508386,80454,41,5,8,7539,0,5,Own,Masters,Widowed,14,0.15209627
10520,394,0.9984248043708425,198561,53,7,3,5111,9,0,Rent,Masters,Widowed,19,0.15005268
10521,346,0.5699676778494611,140858,42,2,10,18564,8,0,Rent,Masters,Widowed,2,0.0
10522,512,0.5385383751378383,190159,29,7,4,18974,9,11,Own,Masters,Single,4,0.16032788
10523,638,0.023957848534730264,150754,47,6,5,9509,18,9,Rent,PhD,Widowed,18,0.15705188
10524,482,0.0029833085295419837,188934,27,0,3,18186,11,10,Mortgage,High School,Widowed,8,0.15575632
10525,828,0.4005391270726717,72599,47,8,4,9229,9,24,Rent,Masters,Widowed,23,0.0
10526,559,0.5811592951550808,50475,32,4,7,5716,10,13,Mortgage,High School,Widowed,11,0.15944098
10527,830,0.005921006955088126,138881,69,9,7,16661,16,0,Rent,Masters,Widowed,7,0.0
10528,841,0.9142335248220712,195700,47,6,0,9029,19,13,Rent,PhD,Widowed,12,0.16823223
10529,748,0.6566794486081912,106575,52,9,16,9168,1,17,Rent,High School,Widowed,6,0.0
10530,438,0.4300923511624034,95260,48,7,5,11358,8,10,Mortgage,Masters,Widowed,20,0.0
10531,457,0.2514426894088869,33195,22,8,15,11980,19,21,Mortgage,Masters,Widowed,13,0.1504869
10532,430,0.3158641945913071,66071,54,6,13,14576,1,1,Mortgage,Bachelor,Widowed,8,0.1641268
10533,816,0.13814886082163946,46212,53,2,14,1904,12,1,Rent,PhD,Widowed,2,0.16587347
10534,703,0.5038858155428152,32008,51,8,5,9428,14,7,Mortgage,High School,Divorced,4,0.16695271
10535,821,0.3228883985638644,120542,31,5,5,9270,0,10,Mortgage,High School,Widowed,2,0.0
10536,776,0.20206258438575986,133893,30,8,13,1002,1,1,Own,PhD,Widowed,8,0.0
10537,443,0.45569895804066696,165866,27,7,4,12699,11,15,Mortgage,Masters,Widowed,1,0.0
10538,623,0.09114943643824147,145853,69,6,17,16284,15,8,Rent,Masters,Divorced,4,0.1641814
10539,790,0.6852299357703203,57341,39,8,10,5575,17,3,Mortgage,Masters,Widowed,23,0.15493433
10540,831,0.5300079773488741,151557,51,5,2,11612,12,0,Mortgage,Masters,Single,5,0.155129
10541,500,0.2729408831857849,74560,45,6,10,19986,5,0,Mortgage,Masters,Widowed,27,0.0
10542,610,0.031641835706984756,149486,80,7,18,19506,2,23,Mortgage,PhD,Widowed,20,0.15317394
10543,846,0.5172984919580395,73297,21,7,1,14699,15,28,Rent,High School,Widowed,5,0.0
10544,629,0.00097890521603905,157295,64,3,19,18559,13,19,Rent,Bachelor,Widowed,28,0.0
10545,756,0.3441805276151312,191206,54,5,3,11030,11,25,Own,High School,Widowed,1,0.15833984
10546,602,0.10576124481963523,162760,19,3,11,17062,10,16,Rent,High School,Widowed,14,0.0
10547,835,0.5114538931771041,94494,87,9,7,1507,11,16,Mortgage,Masters,Widowed,3,0.15231897
10548,723,0.3342295505632138,45244,73,1,12,7180,11,2,Mortgage,Masters,Widowed,26,0.16763502
10549,801,0.4663012547905222,162334,60,9,2,17119,5,3,Rent,Masters,Widowed,3,0.0
10550,700,0.30494208877156914,192942,57,5,6,19318,9,4,Own,Bachelor,Widowed,17,0.16422427
10551,707,0.6143429452743533,67763,87,8,13,10834,12,18,Mortgage,High School,Widowed,4,0.15521118
10552,343,0.18233430037896936,81696,73,1,5,4275,6,7,Rent,High School,Widowed,12,0.0
10553,799,0.5880413950416942,111170,21,8,2,13792,0,2,Rent,High School,Single,5,0.1695445
10554,671,0.7247466443598227,123890,38,8,5,9637,9,10,Rent,Bachelor,Widowed,13,0.16701677
10555,419,0.51870198091437,42461,70,7,4,14948,12,11,Rent,High School,Widowed,4,0.0
10556,600,0.22547039787110335,129173,30,7,4,4388,6,6,Mortgage,Masters,Widowed,12,0.0
10557,409,0.1783743279508,166116,45,9,17,11378,2,1,Own,Masters,Divorced,19,0.16950925
10558,342,0.3957078384024587,84621,21,7,8,11423,17,17,Own,High School,Widowed,2,0.15326166
10559,589,0.07066651528470447,138136,47,1,5,4641,4,6,Rent,Masters,Single,20,0.1652012
10560,654,0.545530426244994,164434,38,3,6,6219,8,9,Rent,High School,Widowed,24,0.16486497
10561,514,0.5480127700997192,87013,56,8,1,19233,0,18,Mortgage,Masters,Widowed,10,0.0
10562,756,0.5065503740216921,41431,21,6,13,8177,6,5,Rent,Bachelor,Widowed,12,0.16695449
10563,776,0.12052698198840384,196194,19,0,16,9784,3,8,Mortgage,Masters,Single,9,0.15385109
10564,846,0.7948340304645334,168784,84,9,12,12484,10,1,Rent,Masters,Widowed,20,0.0
10565,610,0.03079875696659773,99531,20,3,5,18397,11,25,Own,High School,Widowed,21,0.15660584
10566,827,0.675497531820947,121376,49,2,9,19981,2,7,Own,Bachelor,Widowed,7,0.16627531
10567,513,0.11084752709095158,39412,46,5,2,19522,19,22,Rent,High School,Widowed,5,0.0
10568,383,0.03539477636432342,195950,59,9,9,11432,15,5,Own,Bachelor,Widowed,4,0.16584861
10569,795,0.30515741334127766,185612,25,4,1,6840,11,16,Mortgage,PhD,Widowed,0,0.0
10570,340,0.06432179537659155,130021,66,5,13,1542,13,16,Rent,Masters,Widowed,2,0.16534898
10571,454,0.09689649066093964,115564,65,4,10,10321,19,1,Rent,PhD,Widowed,22,0.15774848
10572,527,0.43396703809504134,31698,31,1,10,9567,1,18,Mortgage,Masters,Widowed,28,0.16677913
10573,706,0.0610185524691601,121951,21,9,19,12524,10,0,Own,Masters,Divorced,22,0.15689388
10574,730,0.3306936041587797,125957,48,8,15,3534,15,4,Mortgage,High School,Widowed,9,0.0
10575,793,0.003901430640016579,55108,20,7,2,7920,8,8,Rent,Masters,Widowed,11,0.0
10576,686,0.34122096315750416,133256,85,5,7,10995,7,0,Rent,High School,Widowed,6,0.0
10577,441,0.08173573496893272,72179,81,4,5,8372,10,2,Own,Masters,Widowed,29,0.16767627
10578,445,0.05918160754891666,133106,36,9,11,15758,4,29,Mortgage,High School,Married,0,0.15199599
10579,518,0.29472913171338944,147171,39,7,2,19706,10,19,Own,High School,Widowed,6,0.15450165
10580,681,0.005383367530124139,117986,62,9,6,15396,10,14,Rent,Masters,Single,4,0.1613833
10581,773,0.6940694608273539,68421,51,8,6,19944,4,10,Mortgage,Masters,Widowed,20,0.0
10582,836,0.07116362633084417,68966,72,5,16,3871,3,14,Rent,Masters,Widowed,14,0.0
10583,605,0.2607552145751436,143833,57,9,13,1581,5,28,Mortgage,High School,Widowed,21,0.15704513
10584,615,0.373610929425387,140124,52,9,13,13489,14,15,Mortgage,High School,Divorced,4,0.15436225
10585,656,0.1767977257281238,60195,52,5,18,2900,13,6,Own,Masters,Widowed,28,0.16605353
10586,494,0.3890419651705215,116587,69,5,1,13841,4,3,Rent,High School,Widowed,27,0.0
10587,667,0.19139463392459555,142657,20,4,7,14115,9,29,Mortgage,High School,Widowed,10,0.0
10588,342,0.10547847132841426,42003,40,9,18,12538,11,11,Mortgage,High School,Widowed,28,0.0
10589,778,0.14433159458348432,24038,50,8,12,8502,4,13,Mortgage,Bachelor,Widowed,9,0.16370343
10590,768,0.33953701072967823,183506,35,7,2,13233,19,9,Mortgage,Masters,Single,9,0.15677169
10591,591,0.25512361908175385,153525,36,6,14,11963,9,20,Rent,Masters,Single,13,0.16387272
10592,476,0.522878415196781,126302,45,7,2,5844,9,5,Mortgage,Masters,Married,13,0.16562063
10593,373,0.007619141105572713,151744,29,4,11,15067,5,6,Mortgage,High School,Divorced,21,0.1678513
10594,682,0.6159132374710089,184394,51,4,16,12936,15,19,Rent,Masters,Widowed,9,0.16441356
10595,716,0.4040380962061326,32238,59,6,3,2253,14,12,Mortgage,Masters,Widowed,14,0.15596299
10596,384,0.06828835424414192,170091,35,6,12,7889,17,3,Rent,Masters,Widowed,13,0.0
10597,469,0.34060792657531325,20506,18,9,7,7474,10,9,Own,Masters,Widowed,17,0.0
10598,740,0.16160648452798942,65728,86,2,10,11072,0,20,Mortgage,High School,Widowed,19,0.1537537
10599,808,0.9201651673755444,73483,85,6,8,19963,9,19,Rent,Masters,Widowed,15,0.16429734
10600,663,0.4045052791216338,149432,24,7,11,17967,12,5,Mortgage,Masters,Widowed,25,0.0
10601,569,0.20506653814111653,148515,79,5,2,17060,16,5,Own,High School,Widowed,17,0.15877643
10602,825,0.011810892893921787,156280,32,7,15,13898,2,5,Rent,Masters,Married,16,0.0
10603,530,0.1588124170371238,181308,27,3,2,10827,2,2,Mortgage,PhD,Widowed,16,0.0
10604,342,0.5066580554219364,88205,76,9,0,18491,4,8,Mortgage,Masters,Married,4,0.16723138
10605,509,0.29908058948955574,66539,29,8,12,6581,8,16,Rent,High School,Widowed,4,0.0
10606,369,0.4993985554940492,188224,29,9,6,4500,14,11,Mortgage,PhD,Widowed,16,0.16903839
10607,315,0.32821000074750517,93969,68,6,14,8463,8,3,Rent,Masters,Widowed,17,0.0
10608,816,0.019701484814179993,39420,39,4,0,14842,11,0,Mortgage,High School,Divorced,0,0.16501777
10609,788,0.26422886842355375,155855,64,6,18,14029,18,28,Rent,PhD,Widowed,20,0.1680416
10610,788,0.3270287441360874,112471,69,6,6,10722,9,13,Rent,Bachelor,Widowed,7,0.0
10611,845,0.714521585883191,164712,74,4,8,14618,2,2,Mortgage,PhD,Widowed,26,0.15284024
10612,468,0.10320553155853518,101774,54,8,0,18716,1,13,Mortgage,High School,Married,11,0.16679488
10613,520,0.6667586792842704,125328,35,9,12,4925,0,17,Mortgage,Masters,Widowed,2,0.0
10614,527,0.6261686101904994,32575,23,3,5,10828,4,19,Mortgage,Masters,Widowed,6,0.1586602
10615,529,0.8869655201839232,125708,50,7,1,9580,3,29,Rent,Masters,Widowed,1,0.16988695
10616,607,0.7095966438958848,173714,42,8,18,18839,13,11,Mortgage,High School,Widowed,5,0.15949155
10617,649,0.0576188726729181,121888,83,9,14,19149,11,25,Rent,High School,Widowed,2,0.0
10618,830,0.761317553499829,144466,28,9,17,17307,4,4,Rent,Bachelor,Widowed,17,0.16250587
10619,398,0.30747378619647936,177864,37,3,14,11634,8,15,Rent,Masters,Widowed,4,0.15075952
10620,668,0.877205144575648,54189,44,7,10,3396,13,16,Rent,High School,Widowed,1,0.1658814
10621,685,0.39508766342066204,25865,33,6,11,9522,8,10,Mortgage,Masters,Widowed,12,0.0
10622,503,0.9483870686517095,93798,49,5,9,18512,5,1,Mortgage,Masters,Widowed,12,0.0
10623,764,0.5986699874200088,166758,78,8,8,19049,5,16,Rent,Masters,Widowed,14,0.0
10624,528,0.02594290657094378,189848,79,6,17,14300,1,24,Mortgage,High School,Widowed,19,0.16312622
10625,600,0.01908568213426798,69303,49,8,7,5005,9,15,Mortgage,High School,Divorced,7,0.0
10626,464,0.2771867060818941,91026,21,7,4,2656,3,2,Own,High School,Widowed,25,0.15098421
10627,769,0.28847408177478695,105357,35,7,4,7610,7,17,Rent,Masters,Widowed,0,0.0
10628,418,0.7097840254285491,63408,37,9,4,10318,6,11,Rent,Masters,Divorced,17,0.16169114
10629,504,0.37390872350753346,153421,31,7,10,19792,2,16,Own,Bachelor,Widowed,9,0.16540089
10630,622,0.9685820001055014,139726,71,3,11,2082,5,5,Rent,High School,Widowed,2,0.1664233
10631,519,0.029037374748994593,194773,37,6,3,8169,12,9,Mortgage,High School,Widowed,0,0.0
10632,398,0.27441648162940213,89223,64,8,7,7900,10,25,Rent,Masters,Widowed,14,0.16446978
10633,727,0.014063427072517842,167015,64,2,0,10068,12,0,Own,Masters,Widowed,5,0.0
10634,785,0.33787016861346186,195998,67,7,19,19163,18,13,Mortgage,High School,Widowed,12,0.0
10635,721,0.3114488018741568,40239,76,3,8,13631,10,1,Own,High School,Widowed,8,0.0
10636,670,0.14758158785729758,110988,53,9,6,15160,17,11,Mortgage,PhD,Widowed,13,0.0
10637,416,0.15594910200341539,157220,62,9,12,18454,9,21,Mortgage,High School,Divorced,1,0.0
10638,733,0.09828700315141192,150055,37,0,6,1489,2,19,Mortgage,Masters,Widowed,1,0.16247874
10639,773,0.6443132864672664,113750,29,9,0,17042,3,2,Own,Masters,Widowed,10,0.0
10640,724,0.21688157109838468,146037,66,7,19,12369,3,17,Rent,Bachelor,Widowed,3,0.0
10641,477,0.1539546955000547,178178,48,6,11,5768,4,11,Rent,Masters,Married,15,0.16579877
10642,612,0.08228164771600288,101857,40,8,8,17016,19,19,Mortgage,Bachelor,Widowed,2,0.16518527
10643,359,0.6608261317678228,150435,56,7,1,10414,11,6,Rent,High School,Widowed,18,0.16403277
10644,455,0.28614074480019247,93805,51,5,3,11280,7,4,Rent,Masters,Widowed,18,0.0
10645,589,0.24182495793254843,151242,53,5,0,8623,6,8,Rent,Masters,Widowed,24,0.0
10646,329,0.10106135684889894,76441,40,0,17,4012,6,24,Rent,High School,Widowed,25,0.0
10647,379,0.1270587424864945,158763,36,9,3,19785,0,3,Mortgage,Masters,Married,3,0.0
10648,601,0.5557164300405801,79548,32,1,11,2152,6,7,Rent,High School,Widowed,2,0.15821493
10649,748,0.4898334450210102,54234,82,6,16,9883,16,3,Rent,Masters,Widowed,12,0.0
10650,604,0.5533492521173912,116614,45,8,7,6198,5,0,Rent,PhD,Widowed,23,0.0
10651,441,0.16961300968659265,96595,79,7,6,18297,12,1,Rent,Bachelor,Widowed,18,0.1539018
10652,683,0.4621464365104998,121715,23,5,6,14330,2,0,Mortgage,PhD,Widowed,16,0.0
10653,589,0.08495774211743812,27277,73,9,18,12894,6,14,Rent,Bachelor,Widowed,23,0.0
10654,692,0.37380014034940867,112344,50,1,11,7440,14,0,Rent,Masters,Widowed,6,0.0
10655,375,0.6305637001270261,125203,68,7,1,9713,5,2,Mortgage,Masters,Divorced,3,0.0
10656,656,0.3786651740748781,125634,58,2,18,19538,2,11,Rent,PhD,Widowed,2,0.1596319
10657,578,0.6902748123403113,143583,25,9,4,7063,19,2,Own,Masters,Divorced,7,0.1694026
10658,302,0.2713853281932903,20895,76,6,5,9601,4,6,Mortgage,Masters,Widowed,19,0.0
10659,745,0.2586650565548513,172936,35,5,0,13216,6,17,Mortgage,PhD,Widowed,5,0.0
10660,843,0.2338747019424069,52769,81,9,3,10391,11,18,Own,High School,Widowed,5,0.0
10661,708,0.00939059377669682,37402,27,2,1,12032,4,5,Mortgage,PhD,Widowed,9,0.0
10662,523,0.05823365750651188,152323,51,7,9,14363,8,18,Rent,Bachelor,Widowed,10,0.15433975
10663,764,0.8393482259391396,196014,56,8,3,9087,9,11,Mortgage,PhD,Single,10,0.16454585
10664,691,0.02297614440537532,129155,40,1,8,6941,6,14,Rent,PhD,Widowed,5,0.0
10665,720,0.008818162918175498,73494,69,6,5,7192,1,12,Rent,High School,Widowed,3,0.0
10666,843,0.1888636418187999,131389,24,7,8,7066,9,6,Rent,Bachelor,Widowed,21,0.0
10667,776,0.07075129713863126,40048,57,6,15,12813,0,4,Own,High School,Widowed,19,0.0
10668,483,0.29134035882959397,54298,76,4,17,7044,3,27,Rent,High School,Widowed,5,0.0
10669,306,0.7390904094865286,100415,21,8,4,1886,1,13,Mortgage,Masters,Married,25,0.16404957
10670,774,0.2297649515299537,157440,72,8,3,17422,3,2,Own,High School,Single,6,0.0
10671,792,0.5135980565630653,111594,37,0,13,17202,13,10,Rent,Masters,Widowed,0,0.0
10672,810,0.09816456475542579,167295,39,7,17,17315,15,1,Rent,Bachelor,Widowed,7,0.0
10673,641,0.8570295737656556,96102,32,6,0,11715,12,17,Mortgage,High School,Widowed,3,0.0
10674,688,0.445985042602455,71370,42,6,5,16266,9,27,Mortgage,High School,Divorced,7,0.16030914
10675,324,0.09441080238060762,56237,23,7,2,2924,1,14,Rent,High School,Divorced,14,0.15948834
10676,378,0.22227214497113246,138037,37,8,18,14375,7,19,Mortgage,PhD,Widowed,23,0.16513619
10677,452,0.6909803728696233,122078,59,7,2,9646,4,5,Mortgage,PhD,Widowed,0,0.0
10678,778,0.8796637572226198,153702,31,9,2,2977,3,11,Rent,High School,Widowed,19,0.15423475
10679,429,0.14497573582660261,198625,84,7,17,14158,7,20,Rent,Masters,Divorced,1,0.16588832
10680,812,0.053771773993507854,196996,71,3,10,10680,10,27,Mortgage,High School,Widowed,0,0.0
10681,536,0.08241556169124609,89004,23,5,8,9538,7,9,Mortgage,Masters,Single,9,0.15094523
10682,797,0.2528885613158466,119421,49,6,9,13287,7,3,Mortgage,High School,Widowed,2,0.0
10683,717,0.8027659974178634,62840,29,1,3,1286,2,22,Rent,High School,Widowed,1,0.16352813
10684,827,0.042755425216269405,190383,85,9,16,17839,4,15,Rent,Bachelor,Widowed,10,0.0
10685,611,0.07017775302135776,71903,28,2,0,6664,5,2,Rent,Masters,Single,28,0.16589056
10686,537,0.17189318966906952,23672,69,2,12,13248,18,4,Rent,High School,Widowed,18,0.0
10687,717,0.19501397627716777,142282,61,5,3,15257,5,29,Mortgage,High School,Widowed,13,0.0
10688,636,0.2900672086169599,100929,55,4,11,8206,6,10,Rent,High School,Widowed,3,0.0
10689,594,0.9762276680147371,190947,60,4,3,17377,3,3,Own,Masters,Divorced,1,0.16042092
10690,834,0.1569649855503924,45936,60,5,7,15759,12,24,Rent,Bachelor,Widowed,7,0.16518047
10691,730,0.7015717542631683,123190,28,4,1,1525,4,4,Rent,Bachelor,Widowed,15,0.16424914
10692,608,0.9822242341264098,136675,55,7,13,12859,0,1,Rent,Masters,Divorced,9,0.1632748
10693,680,0.6683737589334411,74348,37,9,1,3173,5,26,Mortgage,Masters,Widowed,6,0.0
10694,363,0.05223703171878791,26752,18,7,4,16224,15,23,Rent,Bachelor,Widowed,21,0.16784865
10695,404,0.1911742288542969,110111,39,0,0,12549,19,7,Rent,Masters,Widowed,7,0.16998951
10696,571,0.13144717495722735,35907,19,5,7,10701,0,25,Rent,Masters,Single,24,0.16721025
10697,539,0.39637512417697285,109047,44,6,11,2200,9,6,Rent,High School,Widowed,23,0.0
10698,571,0.35086054049273996,115667,35,5,1,19371,15,8,Rent,PhD,Widowed,1,0.16342105
10699,485,0.047221673596653524,36697,49,4,5,11808,4,19,Own,High School,Widowed,29,0.1648197
10700,732,0.251588730128923,182300,41,6,0,4199,13,13,Mortgage,Masters,Divorced,1,0.16829506
10701,569,0.2513661654404966,139261,24,6,13,2283,9,17,Own,High School,Widowed,24,0.16814455
10702,369,0.8818542162185661,160399,45,7,16,17413,12,1,Rent,Masters,Widowed,13,0.15928943
10703,395,0.9845564739301675,59083,18,7,6,7090,8,18,Mortgage,Masters,Single,2,0.15851708
10704,727,0.6344422500528704,169012,20,3,7,13478,4,2,Mortgage,Masters,Married,7,0.0
10705,770,0.4129033697526,128439,57,5,17,14360,12,19,Mortgage,PhD,Widowed,14,0.16829866
10706,437,0.028457255791753067,142215,73,2,18,9323,8,13,Mortgage,High School,Widowed,24,0.1678458
10707,684,0.3374991004197101,134636,65,1,12,12113,5,5,Rent,Bachelor,Widowed,4,0.0
10708,708,0.5528171860361885,142236,20,4,18,19021,9,17,Mortgage,PhD,Widowed,19,0.15847042
10709,628,0.1394027699943331,147579,20,8,9,8197,6,9,Mortgage,Masters,Married,3,0.0
10710,798,0.18691679686849172,95085,19,2,10,1547,4,7,Mortgage,Masters,Widowed,7,0.0
10711,765,0.17851926805630225,125859,89,4,14,11543,4,5,Own,PhD,Widowed,25,0.15909423
10712,374,0.15931335515273992,85423,55,8,7,17326,3,18,Own,Masters,Widowed,2,0.0
10713,810,0.1560478666898495,107706,83,6,9,19669,9,22,Own,High School,Widowed,7,0.0
10714,847,0.0018307351003939987,154917,57,7,6,5594,5,2,Mortgage,PhD,Widowed,19,0.0
10715,455,0.14187926379644855,149432,19,9,7,5578,0,0,Mortgage,Bachelor,Divorced,1,0.16173881
10716,653,0.6689974597141453,153624,43,9,11,5846,12,6,Rent,Masters,Single,10,0.16811042
10717,673,0.19896925579444913,131558,84,6,15,17341,6,22,Own,High School,Widowed,6,0.15875575
10718,750,0.275966763142255,112283,43,8,19,7894,9,4,Rent,Masters,Single,25,0.15742956
10719,551,0.3737775382738673,35834,33,5,16,5554,15,4,Mortgage,Masters,Widowed,16,0.1634437
10720,752,0.22124318991465008,54855,58,3,6,13480,7,12,Own,High School,Widowed,19,0.0
10721,363,0.13964185961544429,47044,43,4,18,15741,10,27,Rent,Masters,Widowed,1,0.0
10722,754,0.029192559164251786,194269,87,8,17,6529,16,24,Rent,Masters,Widowed,1,0.0
10723,567,0.09682523746688032,32894,22,3,19,7276,8,9,Rent,High School,Widowed,11,0.0
10724,682,0.5714298691784121,193172,42,5,8,8910,2,29,Rent,Masters,Widowed,7,0.1532422
10725,793,0.6412368673577586,77059,86,1,13,5146,13,7,Rent,Masters,Widowed,21,0.0
10726,448,0.023963523771561634,158977,23,9,4,7222,11,24,Mortgage,PhD,Widowed,2,0.0
10727,350,0.025177013411124105,96504,25,4,10,10894,15,2,Rent,High School,Widowed,28,0.0
10728,831,0.004336002326251309,76894,33,9,7,1944,16,23,Mortgage,PhD,Widowed,9,0.15316081
10729,329,0.010940145610615959,23293,43,9,1,3765,9,9,Own,High School,Divorced,15,0.16563106
10730,434,0.026684053047450584,59806,61,2,3,13298,8,12,Rent,PhD,Widowed,17,0.15422308
10731,714,0.5160402354935089,195408,25,9,1,19250,13,25,Mortgage,PhD,Widowed,14,0.0
10732,432,0.1320011947471087,108702,36,9,10,2233,5,10,Mortgage,High School,Married,3,0.15863998
10733,561,0.5802390038700634,180618,33,4,3,1411,17,4,Rent,Masters,Widowed,11,0.15909939
10734,399,0.4465664436128367,150378,35,7,15,19125,9,16,Rent,Masters,Widowed,27,0.15791588
10735,603,0.10693375302827246,41650,39,4,5,7838,1,25,Mortgage,Bachelor,Widowed,28,0.16447483
10736,629,0.1499898697493025,113397,32,8,1,6829,10,21,Rent,PhD,Widowed,12,0.15789653
10737,402,0.4738785741535725,97888,55,5,3,15103,14,18,Rent,High School,Widowed,9,0.16580357
10738,457,0.19916620263047735,33976,52,4,0,9407,14,12,Mortgage,High School,Widowed,6,0.0
10739,806,0.23618788437144567,87946,49,3,8,3953,13,3,Mortgage,PhD,Widowed,13,0.15484169
10740,517,0.15030743772364286,160226,34,9,2,5454,3,1,Own,High School,Widowed,26,0.0
10741,629,0.05013971343066648,92003,71,6,15,19772,15,25,Rent,Masters,Widowed,1,0.0
10742,398,0.5489023497331009,46281,32,6,9,4759,7,9,Own,Masters,Widowed,15,0.16349164
10743,465,0.10816079556345659,160982,28,5,13,4124,14,0,Mortgage,Masters,Widowed,10,0.0
10744,749,0.7424452124177631,111359,32,9,7,17734,9,9,Mortgage,Masters,Married,4,0.15695117
10745,729,0.3922656338887276,127810,22,7,1,4091,1,5,Mortgage,High School,Widowed,11,0.0
10746,468,0.3553781414812158,66430,23,5,2,6052,17,0,Own,Masters,Widowed,23,0.15864503
10747,353,0.4040547105380956,137636,22,5,15,8561,1,23,Mortgage,Masters,Single,10,0.16782984
10748,800,0.21134622241660994,98770,46,0,10,6857,5,15,Rent,PhD,Widowed,14,0.0
10749,537,0.6214252056755164,127376,42,9,15,3985,5,21,Rent,High School,Widowed,14,0.16661571
10750,848,0.0724932982530293,47401,45,7,2,8136,18,10,Mortgage,Masters,Widowed,8,0.0
10751,672,0.8552241684180063,100852,75,4,7,1210,7,3,Rent,PhD,Widowed,16,0.0
10752,472,0.7000872882073916,134569,24,4,7,17416,3,1,Rent,Masters,Married,1,0.0
10753,660,0.7791967071880015,31730,33,0,3,9964,2,4,Mortgage,High School,Widowed,21,0.16615975
10754,469,0.2064230244732984,68022,64,6,7,11000,4,6,Rent,PhD,Widowed,21,0.0
10755,383,0.14226452551880853,69915,41,7,4,15746,7,8,Mortgage,PhD,Widowed,0,0.0
10756,849,0.3702099617898358,36469,77,8,11,8304,18,19,Own,High School,Widowed,5,0.16928372
10757,627,0.019750097381551646,73861,47,1,16,3036,3,17,Rent,High School,Widowed,23,0.0
10758,444,0.6522440158478325,118595,34,4,10,7638,0,2,Mortgage,Masters,Married,18,0.165718
10759,848,0.06436226206594065,111581,75,3,17,2400,17,9,Rent,Masters,Widowed,1,0.0
10760,685,0.6910472684732173,199249,82,8,2,12951,5,9,Mortgage,Masters,Divorced,0,0.0
10761,591,0.5639780978080163,59199,21,3,5,10128,1,20,Rent,Masters,Widowed,1,0.0
10762,479,0.4910238713363626,110372,55,7,17,14060,9,12,Own,Masters,Widowed,4,0.16464028
10763,523,0.3725512851303263,21396,28,6,0,2787,2,21,Mortgage,Masters,Single,3,0.15748176
10764,661,0.23152344935743596,45200,76,5,0,14929,3,2,Mortgage,Masters,Widowed,17,0.0
10765,728,0.2099555917326208,174711,22,9,16,8107,12,19,Mortgage,Masters,Widowed,20,0.0
10766,734,0.18239382626490608,111025,58,0,18,10764,5,9,Own,Masters,Widowed,7,0.1609129
10767,776,0.8166756543109147,53796,84,0,1,17260,5,10,Rent,Masters,Widowed,5,0.15797067
10768,499,0.289634541241945,21965,70,2,18,10763,0,0,Rent,Bachelor,Widowed,0,0.15468724
10769,550,0.005560890981904598,188027,29,9,10,16805,5,1,Rent,Masters,Widowed,20,0.0
10770,369,0.32297473180406655,197959,18,9,8,7292,4,9,Mortgage,High School,Divorced,13,0.16788454
10771,825,0.05905890413499426,160313,23,7,1,5015,9,5,Rent,Masters,Widowed,6,0.0
10772,439,0.6441904036015019,162497,34,8,9,18260,7,14,Mortgage,Masters,Married,1,0.0
10773,757,0.49318836245060405,67241,52,1,7,15637,9,2,Mortgage,Masters,Widowed,0,0.0
10774,814,0.19493371741000043,102028,41,8,17,1504,3,25,Mortgage,High School,Widowed,27,0.0
10775,517,0.011641942213045042,117615,65,0,4,17247,7,15,Rent,Masters,Widowed,29,0.15043446
10776,658,0.07762199977611073,140033,74,3,11,16109,2,2,Mortgage,High School,Divorced,4,0.15990266
10777,829,0.6651099144696223,46748,40,2,2,13664,9,9,Mortgage,Masters,Widowed,10,0.0
10778,804,0.32613375973553294,109072,38,3,7,17707,12,20,Rent,High School,Widowed,22,0.0
10779,579,0.9274536327098772,99674,38,9,2,1083,4,26,Mortgage,Masters,Widowed,9,0.16804828
10780,387,0.0005391017447221591,87313,53,1,4,7652,8,3,Rent,Masters,Divorced,18,0.16399267
10781,571,0.06120091888182988,109492,53,4,12,15802,19,23,Rent,High School,Widowed,16,0.0
10782,312,0.10220232257187167,105821,43,4,16,16920,3,29,Mortgage,Masters,Widowed,21,0.16416746
10783,628,0.299768186005816,187874,88,7,2,16986,17,4,Mortgage,High School,Widowed,23,0.15586716
10784,696,0.39530411850893243,167155,20,8,3,9913,19,2,Mortgage,Masters,Single,27,0.15180689
10785,791,0.1677936401791167,172194,53,2,9,4512,12,12,Mortgage,High School,Widowed,5,0.0
10786,725,0.4427470015520658,42652,44,6,3,8733,15,2,Own,Masters,Widowed,23,0.16758972
10787,824,0.31951402222742586,50661,70,2,16,12492,6,1,Rent,High School,Widowed,23,0.0
10788,483,0.12447758985113067,127830,20,2,18,19136,12,26,Rent,Masters,Divorced,3,0.16143079
10789,350,0.24073606281046012,31871,23,0,11,16575,8,24,Rent,Masters,Widowed,15,0.15341663
10790,576,0.031248446873688773,184036,28,6,0,18394,7,8,Own,PhD,Widowed,17,0.1541763
10791,811,0.7244401630170463,133554,30,9,14,14943,3,28,Mortgage,PhD,Widowed,5,0.0
10792,496,0.3874719719825358,73719,89,6,1,9066,16,21,Rent,Masters,Widowed,20,0.16947936
10793,495,0.10875956000794162,65976,57,5,4,6974,4,6,Own,High School,Single,5,0.16709694
10794,523,0.8863343320576337,150553,53,9,18,17302,6,9,Mortgage,Masters,Widowed,9,0.0
10795,654,0.6469182607439758,197486,18,4,10,5415,4,3,Mortgage,Masters,Single,18,0.16582291
10796,532,0.3452761191965399,65738,56,4,18,1070,3,5,Rent,High School,Widowed,10,0.0
10797,801,0.3025475748162042,78944,29,2,12,15113,12,10,Rent,Bachelor,Widowed,14,0.1530216
10798,613,0.9417157940647507,96338,75,7,3,4244,7,1,Mortgage,PhD,Widowed,22,0.15537764
10799,403,0.09451219528708932,86702,70,8,2,14145,0,26,Mortgage,Masters,Divorced,8,0.15342464
10800,354,0.23763683577852868,99981,73,2,6,5897,5,0,Rent,High School,Widowed,21,0.0
10801,396,0.2395579627818072,25770,41,8,5,13198,15,2,Rent,Masters,Widowed,15,0.0
10802,753,0.0718036591669925,118721,37,9,12,19673,10,17,Rent,PhD,Widowed,11,0.0
10803,724,0.186715058096792,156028,61,6,17,3011,9,20,Rent,High School,Widowed,6,0.0
10804,795,0.09298651588211071,80194,87,2,7,16549,8,1,Rent,Bachelor,Widowed,18,0.0
10805,698,0.6856362119161169,59316,59,2,3,1271,15,12,Rent,Masters,Widowed,12,0.16657104
10806,342,0.055519771437812726,138381,38,1,5,2874,2,10,Own,High School,Married,1,0.16748251
10807,512,0.7466213917701039,23332,20,7,1,19739,0,17,Mortgage,PhD,Widowed,10,0.16157855
10808,398,0.487797002917697,194624,27,7,6,17368,10,17,Mortgage,High School,Divorced,6,0.16387504
10809,838,0.14318917967952394,176636,78,2,13,1337,18,13,Mortgage,PhD,Widowed,28,0.16677125
10810,543,0.3451484882580508,82425,60,5,10,16801,10,7,Mortgage,PhD,Widowed,3,0.15228938
10811,596,0.008856964793955813,173554,35,5,10,9429,8,11,Own,Masters,Widowed,19,0.0
10812,603,0.36341945747462945,52001,60,2,5,11772,3,4,Mortgage,PhD,Widowed,23,0.15449311
10813,691,0.01667859145025996,62062,27,9,16,18159,18,1,Mortgage,PhD,Single,15,0.16954279
10814,343,0.1517392515115198,52264,32,8,13,8073,16,20,Mortgage,High School,Divorced,22,0.155335
10815,588,0.07759933066113489,103200,34,3,10,16763,4,10,Mortgage,High School,Widowed,6,0.0
10816,606,0.38373682166891043,40842,30,6,4,15952,17,22,Mortgage,PhD,Widowed,11,0.15650675
10817,755,0.3054383741441742,60585,43,1,11,11339,6,6,Mortgage,High School,Widowed,26,0.0
10818,696,0.6933922330787265,177330,24,8,0,8548,7,13,Mortgage,PhD,Widowed,19,0.0
10819,785,0.3413120542705207,132500,61,6,6,8745,5,27,Rent,Bachelor,Widowed,9,0.15745284
10820,698,0.15279275210965781,59463,21,3,11,18618,7,21,Own,High School,Widowed,14,0.0
10821,795,0.8391448267470832,36353,23,8,2,16608,5,15,Mortgage,PhD,Widowed,7,0.0
10822,412,0.08627020791944406,48978,63,5,4,18445,11,7,Rent,Masters,Widowed,4,0.0
10823,504,0.399790824073212,72964,36,2,7,19825,5,8,Mortgage,Masters,Widowed,5,0.0
10824,351,0.05010790504456153,117725,25,4,7,13808,8,10,Mortgage,Masters,Widowed,0,0.0
10825,536,0.24559578862006837,150783,66,5,16,3886,7,13,Rent,Masters,Widowed,21,0.0
10826,749,0.007581596528151824,50713,55,2,9,8698,0,16,Rent,Masters,Widowed,9,0.0
10827,781,0.709861489520791,147982,42,9,15,13076,12,1,Mortgage,Masters,Widowed,26,0.0
10828,629,0.30074360822574353,196081,26,4,19,18771,15,22,Mortgage,Masters,Single,5,0.1679543
10829,311,0.2941782056135849,67389,80,3,4,5886,5,0,Mortgage,High School,Married,1,0.16765486
10830,768,0.24491248087414053,141259,70,5,9,4955,5,11,Own,High School,Widowed,7,0.0
10831,687,0.32317526902904337,103209,54,1,4,4233,16,0,Rent,High School,Widowed,17,0.0
10832,482,0.24607376696227612,143508,38,7,3,12549,2,7,Own,High School,Single,13,0.16958405
10833,383,0.047619483540523255,150696,70,4,8,3389,5,0,Own,High School,Widowed,14,0.0
10834,797,0.5350852456594667,81284,75,2,14,11207,8,20,Rent,Bachelor,Widowed,4,0.16461992
10835,700,0.3876232628735762,115430,30,7,1,1072,4,23,Mortgage,PhD,Widowed,0,0.0
10836,766,0.13736925770976105,108678,78,3,12,7591,11,12,Mortgage,Masters,Widowed,6,0.15822658
10837,841,0.8549451040026291,96373,51,1,18,8884,11,8,Rent,High School,Widowed,20,0.16568747
10838,675,0.5562931688759917,193889,18,7,3,6891,14,20,Rent,Masters,Widowed,1,0.0
10839,576,0.04106324199678646,197559,39,4,12,17639,11,6,Own,Bachelor,Widowed,22,0.15943336
10840,327,0.12373311874860937,175216,39,7,6,5694,2,2,Mortgage,PhD,Widowed,3,0.0
10841,741,0.8024273056663412,62437,21,7,19,15587,16,12,Rent,High School,Widowed,16,0.16596803
10842,596,0.17275011285012842,58710,55,6,7,15183,12,21,Mortgage,Masters,Widowed,4,0.16100183
10843,395,0.34689892208329176,29547,69,9,2,2453,18,10,Mortgage,Masters,Widowed,20,0.1624486
10844,584,0.8577787010152627,61868,80,6,1,5199,3,15,Rent,High School,Widowed,10,0.15630509
10845,665,0.1534335866951565,188129,33,9,18,17830,8,18,Mortgage,PhD,Single,15,0.16743608
10846,684,0.35774312817213727,187103,40,6,0,1178,7,4,Rent,High School,Widowed,22,0.0
10847,454,0.24859763866830098,74660,31,0,13,12932,10,5,Rent,PhD,Widowed,20,0.15166092
10848,502,0.20112041057578178,193442,45,8,2,11864,0,6,Rent,Masters,Widowed,7,0.0
10849,531,0.2507409782305471,151412,57,6,13,5936,4,9,Mortgage,PhD,Widowed,24,0.15211208
10850,509,0.12037251248958569,26078,42,7,0,12284,9,15,Rent,Masters,Divorced,9,0.16307965
10851,707,0.4542907745226251,179313,58,8,3,4730,11,3,Rent,Masters,Widowed,21,0.0
10852,749,0.4259835696239799,67572,59,6,9,8412,1,18,Rent,High School,Widowed,7,0.0
10853,660,0.036409163678606915,168828,39,8,0,15079,1,8,Mortgage,Bachelor,Widowed,8,0.0
10854,840,0.06596371111328925,114257,34,5,6,12520,8,19,Rent,Masters,Single,4,0.15481955
10855,561,0.028916409774719876,177242,61,9,13,17547,10,6,Own,PhD,Widowed,27,0.15725556
10856,831,0.26978421279365794,183069,70,9,15,9290,18,4,Mortgage,Masters,Widowed,21,0.0
10857,801,0.0289071664885161,148186,59,2,18,2178,15,13,Own,High School,Widowed,11,0.0
10858,677,0.4496421707585866,165499,48,7,16,3496,11,5,Own,High School,Widowed,27,0.1633695
10859,774,0.027197919839926255,173949,44,8,1,1003,10,2,Rent,PhD,Widowed,15,0.0
10860,353,0.6278544489839762,24452,29,5,9,9349,16,6,Rent,Masters,Widowed,27,0.15759708
10861,303,0.5492256278575192,83018,18,2,11,10178,3,5,Rent,High School,Widowed,12,0.15008138
10862,833,0.8055420175922017,63690,28,8,8,15962,12,4,Rent,Masters,Widowed,25,0.0
10863,695,0.36772997273155716,58077,36,6,15,14407,4,9,Rent,High School,Widowed,23,0.0
10864,773,0.28338383130876055,105502,24,8,0,16883,9,17,Mortgage,PhD,Widowed,17,0.0
10865,601,0.2941943444830729,50301,85,7,4,1730,3,24,Mortgage,High School,Divorced,8,0.1672282
10866,727,0.2523156322572112,145967,88,0,0,12206,12,11,Rent,PhD,Widowed,20,0.1625643
10867,757,0.33228802478429476,155147,43,1,15,7281,2,19,Rent,Masters,Widowed,12,0.0
10868,449,0.36868941055939664,84695,60,6,8,4397,19,26,Mortgage,High School,Divorced,1,0.16961817
10869,633,0.6931531731534916,58086,86,5,0,14019,15,10,Rent,High School,Widowed,10,0.16010271
10870,490,0.31436866691152787,103321,28,9,5,8992,12,2,Mortgage,High School,Widowed,4,0.0
10871,831,0.013897325719888443,60415,19,6,6,19620,14,14,Rent,Masters,Widowed,15,0.0
10872,589,0.3004153154692627,196042,50,7,3,12917,4,15,Mortgage,Masters,Single,2,0.0
10873,352,0.10814018998681729,51187,42,9,9,8337,10,9,Mortgage,Masters,Divorced,29,0.16376199
10874,511,0.6900328851785645,80286,33,9,18,17027,1,1,Rent,Masters,Widowed,25,0.0
10875,454,0.18837796456083178,160986,32,9,1,15624,1,9,Own,PhD,Single,1,0.16241962
10876,417,0.573293886557581,115965,33,3,12,9937,7,8,Own,Masters,Widowed,8,0.16132735
10877,778,0.24177431720846831,75718,21,4,16,18896,4,10,Own,Bachelor,Widowed,5,0.15208559
10878,435,0.38009340998363694,131281,34,8,6,19264,10,1,Mortgage,Masters,Married,21,0.16654001
10879,539,0.01763003313234024,145022,32,5,5,13257,17,11,Mortgage,PhD,Widowed,7,0.0
10880,773,0.40987354117839814,86845,23,6,15,4725,7,1,Own,PhD,Widowed,19,0.16090345
10881,468,0.42543224294139403,120200,80,0,18,8535,7,4,Rent,Masters,Widowed,9,0.0
10882,315,0.6331824863044732,70852,63,5,2,6708,6,19,Rent,Masters,Widowed,1,0.16008466
10883,361,0.9475482572847959,140329,18,8,0,5990,10,20,Mortgage,PhD,Widowed,8,0.16145484
10884,443,0.027082876176723003,70689,27,8,5,18159,11,0,Own,High School,Widowed,7,0.0
10885,836,0.4895101881383722,118710,64,9,3,16507,18,5,Rent,Masters,Divorced,6,0.16333795
10886,677,0.43128615001698156,123655,69,6,4,6573,1,10,Rent,High School,Widowed,21,0.0
10887,777,0.4461458307943129,168013,56,5,10,14044,10,19,Mortgage,High School,Widowed,17,0.15287545
10888,551,0.03940940340974719,97846,76,0,5,13333,17,2,Rent,High School,Widowed,24,0.0
10889,721,0.2518031130651871,103949,42,7,18,9073,0,17,Mortgage,High School,Widowed,11,0.0
10890,819,0.8838840661438588,198035,52,9,13,1430,2,7,Mortgage,PhD,Widowed,0,0.0
10891,338,0.21591961890136546,36200,57,5,16,2551,0,7,Own,High School,Widowed,2,0.15167943
10892,595,0.13026402354467137,148814,89,1,3,10839,11,5,Rent,PhD,Widowed,0,0.0
10893,621,0.9477678944327609,146484,25,3,15,19399,12,0,Rent,PhD,Widowed,3,0.16273355
10894,751,0.7940888298065996,176216,19,2,9,5390,7,1,Own,Masters,Single,10,0.16680837
10895,832,0.24236606732929966,32402,37,2,18,19126,0,11,Mortgage,Masters,Widowed,7,0.0
10896,607,0.35141194431050815,117757,32,3,6,8350,5,5,Own,Masters,Single,13,0.1641945
10897,790,0.9954585276575801,191837,54,3,3,14257,4,0,Rent,Masters,Divorced,13,0.15379004
10898,391,0.4234895286873036,68678,53,5,9,4093,12,3,Mortgage,High School,Widowed,18,0.0
10899,326,0.3077688072255511,158580,33,8,8,4165,8,5,Rent,Masters,Widowed,9,0.0
10900,706,0.4268906757105966,115532,66,8,1,11956,14,25,Mortgage,PhD,Widowed,11,0.16022295
10901,528,0.4828367020066653,96850,30,7,5,3944,2,20,Rent,Masters,Widowed,5,0.0
10902,685,0.6168229876202326,33018,57,1,19,12019,9,1,Rent,Masters,Widowed,12,0.0
10903,546,0.3215978266973256,154403,83,7,7,5478,5,16,Rent,Masters,Widowed,2,0.0
10904,752,0.46152644810937615,51783,88,9,7,9226,0,12,Rent,PhD,Widowed,11,0.0
10905,572,0.6038409271304325,102238,18,9,2,11931,11,13,Mortgage,Masters,Widowed,14,0.0
10906,607,0.02755473259283503,35571,74,4,3,15856,0,2,Mortgage,Masters,Widowed,4,0.0
10907,732,0.2849071712322607,180115,80,8,0,13689,11,18,Rent,PhD,Widowed,8,0.0
10908,528,0.3320240087580185,156869,54,1,0,14365,5,10,Rent,High School,Widowed,20,0.0
10909,380,0.015281267571065182,120780,38,6,10,2947,16,7,Mortgage,Masters,Single,16,0.16491593
10910,693,0.24985106345969688,122573,38,3,8,12227,12,24,Mortgage,High School,Widowed,6,0.15142484
10911,704,0.4656523194165927,53672,29,6,16,12779,5,0,Own,Masters,Widowed,8,0.0
10912,529,0.6301147206131513,28061,83,4,4,15270,1,0,Mortgage,Masters,Widowed,21,0.16018479
10913,791,0.07372065120562965,131748,23,0,11,7133,0,20,Rent,Masters,Divorced,2,0.16638307
10914,843,0.12593636131779573,82451,89,4,17,1314,9,29,Rent,High School,Widowed,20,0.0
10915,626,0.22271246863457894,174684,27,5,15,11358,1,16,Mortgage,High School,Widowed,5,0.0
10916,655,0.5352402943033102,37758,35,9,19,18220,11,4,Own,High School,Widowed,6,0.16165492
10917,823,0.35610284266355974,35212,28,7,1,16470,0,13,Mortgage,Bachelor,Widowed,20,0.0
10918,306,0.5135325245908773,150146,43,4,1,3423,5,8,Mortgage,High School,Widowed,1,0.0
10919,622,0.6839274565152561,144903,80,9,5,2143,12,7,Rent,Masters,Widowed,8,0.0
10920,541,0.13293187693259845,193530,48,3,2,6270,16,6,Rent,Masters,Widowed,18,0.0
10921,302,0.02402776319996236,21637,67,8,8,9880,0,20,Mortgage,Masters,Widowed,7,0.0
10922,344,0.11446654529255262,37729,89,7,1,9175,16,15,Own,High School,Widowed,24,0.15223613
10923,815,0.06221126349347095,194576,41,0,9,17948,18,22,Rent,PhD,Widowed,18,0.16130817
10924,607,0.16381583796513444,199463,23,8,1,4954,5,3,Mortgage,High School,Single,16,0.16178456
10925,575,0.7033041345450989,150572,83,7,9,2509,4,0,Rent,PhD,Widowed,14,0.0
10926,481,0.41480577559663667,88812,77,8,7,5546,13,11,Rent,PhD,Widowed,6,0.15635735
10927,738,0.8977068397134905,36206,31,5,0,9004,12,6,Mortgage,High School,Widowed,25,0.0
10928,459,0.0642877924102293,23192,52,4,3,4184,5,11,Rent,High School,Divorced,10,0.16791221
10929,565,0.38349475303754255,89306,88,4,2,8436,7,9,Rent,High School,Widowed,29,0.0
10930,802,0.08462945833783309,76739,39,4,13,5790,5,23,Rent,Bachelor,Widowed,12,0.15133327
10931,533,0.7318959497824488,153010,34,6,16,18187,0,6,Own,Bachelor,Widowed,1,0.15665342
10932,363,0.042250688734635666,51798,74,9,15,19502,3,25,Own,High School,Widowed,12,0.16376911
10933,480,0.02531969698843828,154575,75,9,16,16456,1,6,Mortgage,Masters,Married,6,0.16287178
10934,585,0.2761871192938474,83095,77,7,10,11597,18,16,Rent,Masters,Widowed,9,0.15479219
10935,698,0.4842236022770636,29222,67,9,10,12865,13,13,Mortgage,High School,Widowed,13,0.0
10936,767,0.39479204572715787,71945,22,7,17,13438,5,6,Mortgage,PhD,Widowed,3,0.0
10937,325,0.221388750533967,98206,81,3,0,6336,1,15,Rent,Bachelor,Widowed,2,0.15074268
10938,636,0.37936423244151585,90535,34,5,14,10953,12,1,Rent,Bachelor,Widowed,22,0.15295658
10939,684,0.28301226779728506,88586,33,6,3,15409,0,4,Mortgage,Bachelor,Widowed,4,0.0
10940,644,0.689530893995909,93457,44,4,10,12720,3,12,Own,Masters,Widowed,17,0.16851777
10941,843,0.03256873460454435,104781,78,6,11,17100,11,4,Mortgage,Bachelor,Widowed,25,0.0
10942,450,0.8857185438063371,162587,65,9,10,15183,2,0,Own,High School,Widowed,6,0.16005893
10943,723,0.3406245303728097,181262,25,7,3,19464,2,16,Rent,Masters,Single,22,0.1632699
10944,809,0.9368875939205791,134172,42,4,9,18927,9,14,Mortgage,PhD,Widowed,16,0.0
10945,710,0.11849827192772155,31906,54,4,9,6145,18,11,Own,High School,Widowed,12,0.0
10946,401,0.7876892196565889,192550,29,8,1,7994,4,4,Mortgage,Masters,Single,23,0.0
10947,735,0.23497961293136593,33496,19,4,12,6022,2,0,Rent,High School,Widowed,23,0.0
10948,578,0.137085575417214,153105,87,6,6,16174,3,0,Mortgage,High School,Single,2,0.16904637
10949,757,0.8233326533677853,46525,49,7,6,9224,6,21,Mortgage,Masters,Widowed,17,0.16265324
10950,585,0.5786911484785715,159940,39,9,6,16049,14,3,Mortgage,PhD,Single,13,0.15650883
10951,839,0.21952609555492542,110306,45,0,18,16274,10,20,Rent,Masters,Widowed,4,0.0
10952,798,0.1958420534506351,35197,43,3,2,2996,18,0,Own,Masters,Widowed,11,0.16644722
10953,381,0.7631032172917959,33317,44,6,2,3913,1,17,Rent,PhD,Widowed,10,0.16934662
10954,315,0.3040928583514343,128979,72,9,15,14191,12,13,Rent,Masters,Widowed,9,0.15642412
10955,704,0.6343042683910431,84033,33,5,0,4187,2,2,Mortgage,High School,Widowed,20,0.0
10956,652,0.08452347415986494,57559,43,3,4,17306,0,21,Rent,Masters,Single,9,0.16581942
10957,381,0.18500786062899321,70006,84,7,5,2234,15,2,Rent,Masters,Widowed,4,0.0
10958,377,0.3118321529168675,70640,44,5,18,4174,10,6,Mortgage,PhD,Widowed,2,0.1656667
10959,392,0.48890098769323487,83699,58,8,4,1994,4,4,Mortgage,Masters,Married,7,0.15257855
10960,706,0.5392995906952212,146679,85,0,9,6120,13,8,Rent,Masters,Widowed,8,0.15223907
10961,659,0.2702405368056925,108134,28,7,4,16135,19,10,Mortgage,Masters,Single,7,0.16663833
10962,484,0.21707543749168434,193130,70,9,3,16931,3,19,Mortgage,High School,Single,0,0.16260013
10963,819,0.13925874816195372,129823,31,3,9,15882,4,5,Own,Masters,Widowed,14,0.0
10964,636,0.19087505055938248,26515,63,7,19,3331,15,2,Own,Masters,Widowed,20,0.16299458
10965,491,0.16500575667819994,55177,38,7,5,19476,8,11,Mortgage,PhD,Widowed,26,0.0
10966,722,0.28507581519044844,132770,22,4,15,18456,3,27,Mortgage,PhD,Widowed,4,0.0
10967,780,0.5050654221852485,30604,80,5,9,7121,14,13,Rent,Masters,Widowed,28,0.0
10968,516,0.3374554110915087,100877,24,2,2,10654,13,4,Own,Masters,Single,5,0.16944383
10969,837,0.520003256776836,84078,18,2,8,1994,1,15,Mortgage,Masters,Widowed,21,0.0
10970,702,0.09894681039909847,111262,54,1,12,15245,14,5,Own,PhD,Widowed,11,0.1683413
10971,809,0.49331333667082033,96420,54,3,14,17141,12,5,Rent,Bachelor,Widowed,19,0.0
10972,632,0.2862327803812851,48177,63,9,4,11932,13,28,Mortgage,High School,Divorced,7,0.0
10973,713,0.44691048628989916,186261,46,5,11,16300,4,6,Mortgage,PhD,Widowed,5,0.0
10974,603,0.23008815081515743,77473,75,6,4,15475,18,19,Mortgage,High School,Widowed,21,0.15182701
10975,480,0.11719981179756189,62268,45,3,18,14003,11,21,Rent,Masters,Widowed,8,0.0
10976,415,0.8005509159353612,120890,28,9,7,7078,6,19,Mortgage,Masters,Widowed,5,0.15290245
10977,612,0.11039869110340994,175052,24,7,8,6105,4,8,Rent,Masters,Single,22,0.0
10978,361,0.6825540988174004,29903,40,6,4,1824,1,18,Mortgage,High School,Widowed,14,0.15558569
10979,454,0.010606315605916516,48776,67,7,10,9576,1,26,Own,High School,Widowed,24,0.15444358
10980,757,0.6139878963852983,120115,83,9,6,18731,10,17,Mortgage,High School,Divorced,5,0.16827123
10981,436,0.9706342600218143,60198,20,8,14,16504,16,12,Mortgage,Masters,Widowed,16,0.1545177
10982,434,0.3341061838243842,166149,86,0,0,7952,10,1,Rent,Masters,Married,5,0.16724224
10983,473,0.1018161991468679,130169,40,2,13,18350,0,8,Rent,High School,Single,0,0.1588959
10984,552,0.3939695720189923,194743,50,9,3,16920,0,4,Mortgage,PhD,Widowed,18,0.0
10985,386,0.6809267157434779,69573,21,8,17,17224,5,3,Rent,Masters,Married,0,0.0
10986,688,0.6245014463938838,85272,37,0,9,1454,4,6,Rent,PhD,Widowed,2,0.15628122
10987,494,0.06668715897677335,176310,27,9,4,8410,13,4,Rent,High School,Widowed,25,0.0
10988,679,0.09587287475930095,160247,38,6,12,15332,4,14,Mortgage,PhD,Widowed,15,0.0
10989,473,0.2652285318487706,177275,65,6,5,14187,14,20,Rent,High School,Widowed,15,0.16180952
10990,436,0.015439932604500384,183364,18,5,9,6985,0,15,Mortgage,PhD,Widowed,26,0.0
10991,848,0.6337030412165865,87348,65,5,13,8435,5,1,Mortgage,High School,Widowed,4,0.0
10992,497,0.01879999274451105,131608,56,3,14,7795,13,12,Rent,High School,Widowed,16,0.0
10993,811,0.5489888691879176,44041,30,3,10,3852,19,12,Rent,High School,Widowed,21,0.16161478
10994,594,0.6084286441271954,164273,42,6,4,11492,2,18,Rent,Masters,Single,9,0.16470526
10995,411,0.20613102360257152,188344,36,3,13,2077,5,3,Own,High School,Widowed,10,0.16381283
10996,317,0.18328211954679619,31277,83,0,10,2191,16,20,Rent,High School,Widowed,20,0.0
10997,415,0.2923811063938735,195329,80,7,4,4343,1,3,Rent,High School,Widowed,6,0.0
10998,343,0.07450068087255723,148754,42,9,1,17465,4,27,Rent,High School,Widowed,11,0.0
10999,527,0.06172330285421823,148078,88,6,13,14511,1,18,Rent,Bachelor,Widowed,3,0.0
11000,811,0.09419638372850869,157370,34,9,14,13590,5,17,Mortgage,PhD,Single,1,0.1546739
11001,798,0.23853108657012534,81288,87,7,17,2157,13,12,Rent,High School,Single,15,0.16815832
11002,705,0.22670665885825747,89735,22,6,13,1696,13,19,Rent,High School,Widowed,25,0.0
11003,675,0.8089705592655932,159821,74,7,17,5213,5,6,Rent,High School,Widowed,24,0.15403044
11004,714,0.18611756214138642,160646,57,5,12,13357,1,29,Rent,Bachelor,Widowed,17,0.16220316
11005,748,0.113623127708816,55990,45,6,4,2275,1,24,Rent,Bachelor,Widowed,22,0.15371145
11006,581,0.39486714765442865,51136,33,1,1,9119,11,2,Rent,PhD,Widowed,4,0.15548867
11007,480,0.5464582862436067,190220,46,8,16,11396,5,2,Rent,Masters,Widowed,4,0.0
11008,357,0.12409506818761418,123064,52,0,7,15721,16,10,Rent,High School,Widowed,26,0.0
11009,319,0.08809600042643528,114298,21,5,12,6028,10,19,Mortgage,Masters,Widowed,20,0.15451904
11010,416,0.42495316883514755,77086,53,6,4,18143,0,23,Rent,Masters,Widowed,7,0.0
11011,660,0.13354081796765538,135850,33,3,6,10394,5,19,Mortgage,High School,Widowed,0,0.0
11012,600,0.7925195025621709,129646,65,9,9,4383,15,14,Rent,High School,Widowed,8,0.16637687
11013,756,0.020584594549564406,68848,53,8,1,15037,5,18,Mortgage,Masters,Widowed,13,0.0
11014,562,0.18117422844059683,138799,88,4,4,10321,4,14,Mortgage,High School,Widowed,23,0.15131734
11015,790,0.09874063484284146,59665,79,8,12,10452,18,25,Rent,PhD,Widowed,17,0.15914267
11016,823,0.280831268770402,162436,51,7,11,8453,11,27,Mortgage,High School,Divorced,2,0.16780266
11017,657,0.37712969651615447,21419,28,1,1,11118,3,21,Rent,Masters,Widowed,28,0.1506649
11018,457,0.9719361346199962,148196,81,8,7,14234,5,0,Rent,Masters,Widowed,1,0.0
11019,350,0.18198545231981977,163025,20,2,12,13733,16,21,Own,Masters,Widowed,0,0.16975076
11020,740,0.11713228091240224,116877,87,7,5,9306,1,17,Mortgage,Masters,Widowed,17,0.0
11021,505,0.2843368039756481,137489,19,8,2,8541,4,9,Rent,PhD,Widowed,5,0.0
11022,822,0.5455340484211137,168996,51,9,14,12080,2,4,Own,Bachelor,Widowed,14,0.15164211
11023,514,0.12836668038577004,31674,49,8,8,7108,4,5,Mortgage,Bachelor,Widowed,8,0.0
11024,522,0.5373689679529517,186643,30,8,0,19542,12,12,Rent,Masters,Divorced,9,0.16654077
11025,814,0.17196730308519503,67201,45,8,9,19619,1,6,Own,Bachelor,Widowed,5,0.0
11026,476,0.656342711827123,81853,48,8,2,19170,0,1,Rent,High School,Single,3,0.16577704
11027,414,0.5996457113921962,79084,71,6,11,17166,2,8,Rent,High School,Widowed,9,0.15168591
11028,719,0.7428488311207355,120790,44,8,8,7139,6,20,Mortgage,PhD,Single,6,0.16732047
11029,599,0.07466279200418757,85954,52,6,17,17149,14,7,Mortgage,Masters,Single,23,0.16759183
11030,654,0.44400725438472954,78723,89,0,1,6229,14,23,Rent,High School,Widowed,3,0.16852398
11031,848,0.19694283254568345,79469,54,8,9,6058,13,3,Own,High School,Widowed,10,0.0
11032,738,0.8076810135764236,80405,66,3,4,9137,4,4,Rent,Masters,Widowed,4,0.0
11033,568,0.9191342220348124,76380,51,7,19,16495,6,4,Rent,Masters,Widowed,5,0.0
11034,773,0.10928858527365504,139465,20,3,14,7618,10,2,Mortgage,Masters,Single,22,0.15244755
11035,522,0.26926444266311655,126646,61,6,6,7104,6,29,Rent,High School,Widowed,24,0.16934347
11036,528,0.00017342867283998142,72846,73,7,18,2219,0,3,Own,High School,Single,22,0.16811848
11037,332,0.5097533871913349,166021,83,0,0,7076,11,6,Rent,Masters,Widowed,6,0.1640956
11038,674,0.6407554322260336,50654,33,1,10,6231,5,8,Rent,PhD,Widowed,4,0.16193493
11039,700,0.31653693187581033,36837,40,8,6,10057,4,10,Rent,Masters,Widowed,22,0.0
11040,784,0.422553992095127,76631,80,9,16,9020,4,14,Rent,Masters,Widowed,26,0.0
11041,614,0.6082119185225389,103627,33,9,7,14154,18,15,Mortgage,High School,Divorced,7,0.1576227
11042,773,0.3065757520587573,74478,74,7,10,7994,3,18,Rent,PhD,Widowed,15,0.0
11043,746,0.4129763091517641,169014,71,8,11,13077,6,6,Rent,Masters,Single,6,0.0
11044,300,0.67281724691983,174370,64,8,7,15028,3,7,Rent,PhD,Widowed,8,0.15965566
11045,669,0.11142592313230815,38072,43,1,14,19368,0,12,Rent,Masters,Married,1,0.15341517
11046,762,0.557394347897432,120020,76,9,3,14547,13,21,Rent,Masters,Widowed,15,0.0
11047,555,0.7607956945306897,113842,81,9,11,12481,0,4,Mortgage,High School,Widowed,20,0.16588195
11048,604,0.4793270368495074,171781,32,7,2,1531,13,1,Rent,High School,Widowed,6,0.0
11049,609,0.42557226569632955,188556,49,1,0,4650,1,1,Rent,PhD,Widowed,29,0.0
11050,407,0.18217294283183405,54217,60,9,14,6472,1,21,Mortgage,PhD,Widowed,16,0.0
11051,684,0.00594177059018941,62154,18,3,19,12212,10,28,Mortgage,High School,Married,4,0.16440563
11052,528,0.09641462097140019,81374,81,3,0,12471,17,6,Rent,High School,Widowed,1,0.0
11053,829,0.7633125367574985,133454,48,2,1,18454,10,2,Mortgage,High School,Widowed,25,0.15617229
11054,603,0.2573701817878503,179888,37,0,17,19788,8,1,Mortgage,High School,Widowed,23,0.15598
11055,710,0.6909655030162515,178287,48,6,8,13469,3,14,Rent,Bachelor,Widowed,14,0.15810803
11056,642,0.09906832404120691,195318,45,5,19,15991,0,6,Own,PhD,Single,22,0.16015585
11057,790,0.16465106789237594,109782,59,8,17,9726,7,17,Own,High School,Widowed,28,0.0
11058,643,0.6339103753238905,67051,85,3,1,7034,4,0,Rent,High School,Married,1,0.16889998
